爱联3,8
安托山2,11
安托山7,11
八卦岭7,5
白石龙4,9
白石洲1,9
百鸽笼5,9
坂田5,9
宝安11,2
宝安中心1,11
宝安中心5,1
宝华5,1
宝体1,9
碧海湾11,2
碧头11,2
布吉5,6
布吉3,12
布心5,9
草埔3,9
茶光7,11
车公庙7,5
车公庙11,9
车公庙9,5
车公庙1,11
赤湾2,11
赤尾7,9
翠竹3,9
大芬3,9
大剧院2,5
大剧院1,9
大新1,9
大学城5,9
大运3,8
丹竹头3,9
登良2,11
东角头2,11
翻身5,9
福邻7,-1
福民7,5
福民4,9
福田11,2
福田3,5
福田2,5
福田口岸4,6
福永11,9
岗厦北2,5
岗厦1,9
高新园1,9
购物公园3,9
购物公园1,11
固戍1,9
国贸1,9
海上世界2,11
海月2,11
荷坳3,8
横岗3,9
红岭9,5
红岭3,9
红岭北9,6
红岭北7,5
红岭南9,5
红山4,6
红树湾2,11
红树湾南9,11
红树湾南11,2
洪湖7,5
洪浪北5,9
后海2,11
后海11,9
后瑞1,9
后亭11,9
湖贝2,9
华强北2,9
华强北7,5
华强路1,9
华强南7,5
华侨城1,11
华新7,5
华新3,9
皇岗村7,5
皇岗口岸7,5
黄贝岭2,11
黄贝岭5,8
黄木岗7,5
会展中心4,6
会展中心1,9
机场北11,2
机场东1,11
机场11,9
吉祥3,12
景田9,9
景田2,5
科学馆1,9
科苑2,11
老街1,5
老街3,8
鲤鱼门1,11
莲花北4,6
莲花村3,5
莲花西2,9
临海5,11
灵芝5,9
留仙洞5,9
六约3,9
龙城广场3,9
龙华4,9
龙井7,11
龙胜4,9
鹿丹村9,5
罗湖1,9
马鞍山11,2
梅村9,9
梅景9,9
民乐4,9
民治5,9
木棉湾3,9
南联3,8
南山11,9
泥岗9,5
农林7,5
坪洲1,9
前海湾1,2
前海湾5,9
前海湾11,2
侨城北2,11
侨城东1,11
侨香2,5
桥头11,9
清湖4,9
人民南9,5
沙井11,2
沙尾7,9
晒布3,9
上梅林9,5
上梅林4,6
上沙7,9
上水径5,9
上塘4,6
少年宫3,5
少年宫4,6
蛇口港2,11
深康2,11
深湾9,9
深云7,11
深圳北5,9
深圳北4,6
深圳大学1,9
深圳湾公园9,9
石厦7,11
石厦3,9
世界之窗2,11
世界之窗1,11
市民中心2,5
市民中心4,6
双龙3,8
水贝3,12
水湾2,11
松岗11,2
笋岗7,9
太安7,5
太安5,9
塘坑3,9
塘朗5,9
塘尾11,2
桃园1,9
桃源村7,9
田贝7,5
田贝3,9
通新岭3,5
湾厦2,11
文锦9,5
五和5,9
西丽5,9
西丽7,11
西丽湖7,11
西乡1,9
下梅林9,9
下沙9,9
下水径5,9
香梅9,5
香梅北2,11
香蜜2,5
香蜜湖1,9
向西村9,5
新安1,1
新秀2,9
兴东5,9
燕南2,5
杨美5,9
怡景5,9
益田3,9
银湖9,5
永湖3,12
园岭9,9
长岭陂5,9
长龙5,9
珠光7,9
竹子林1,9
I岭9,5
182设计园a,8
182设计园b,8
189工业区a,4
189工业区b,-1
189工业区(临时),-1
189工业区(临时站),-1
189工业区后门a,-1
189工业区后门b,-1
228工业区a,4
228工业区b,0
22米大道中,0
25区商业街a,1
25区商业街b,0
301总站a,1
301总站b,0
310总站a,2
310总站b,0
312总站a,-1
312总站b,9
328工业区a,4
328工业区b,-1
351路临时站台a,-1
351路临时站台b,-1
371总站,9
388工业区a,8
388工业区b,0
50小区,9
968工业区a,-1
968工业区b,-1
98工业区,2
tcl国际e城a,0
tcl国际e城b,11
ykk厂后门a,2
ykk厂后门b,0
ykk拉链厂a,2
ykk拉链厂b,0
阿宝工业园a,0
阿宝工业园b,9
埃迪蒙托a,0
埃迪蒙托b,2
艾美特公司,0
艾美特旧厂a,9
艾美特旧厂b,9
艾默生工业园a,0
艾默生工业园b,9
艾默生西门a,-1
艾默生西门b,9
艾特特公司,-1
爱地花园a,3
爱地花园b,0
爱国大厦a,5
爱国大厦b,0
爱华市场a,5
爱华市场b,-1
爱联地铁站a,0
爱联地铁站b,3
爱联第二市场a,3
爱联第二市场b,0
爱联社区a,3
爱联社区b,0
爱联小学a,3
爱联小学b,0
爱联嶂背村a,0
爱联嶂背村b,12
爱群路口,10
爱榕园a,11
爱榕园b,11
爱文学校a,3
爱文学校b,0
爱心小区,12
爱新路口a,3
爱新路口b,0
爱新小区,3
安宝中心医院,10
安芳小学a,0
安芳小学b,5
安芳小学(罗芳村总站)a,5
安芳小学(罗芳村总站)b,0
安合兴公司a,10
安合兴公司b,-1
安华工业区a,1
安华工业区b,0
安吉尔公司a,0
安吉尔公司b,10
安吉尔集团a,-1
安吉尔集团b,10
安佳工业区,0
安佳工业园a,-1
安佳工业园b,6
安乐工业区a,1
安乐工业区b,0
安良六村a,4
安良六村b,0
安良六村路口,-1
安良路口a,4
安良路口b,0
安良市场a,0
安良市场b,4
安良五村,4
安通达工业区,0
安托山a,-1
安托山b,-1
安托山场站a,0
安托山场站b,11
安托山高科技园a,2
安托山高科技园b,0
安置小区a,1
安置小区b,0
岸上林居a,3
岸上林居b,0
螯湖老村路口,6
鳌湖老村a,0
鳌湖老村b,6
坳背村a,4
坳背村b,0
坳背路口a,9
坳背路口b,4
坳背市场a,0
坳背市场b,4
奥创动力a,2
奥创动力b,0
奥林巴斯a,0
奥林巴斯b,9
奥林华府a,3
奥林华府b,3
奥普电子厂a,-1
奥普电子厂b,-1
奥赛制药,0
奥斯特,-1
澳头街道办a,-1
澳头街道办b,-1
澳头总站a,-1
澳头总站b,-1
澳头总站(下李朗市场),-1
澳子头村a,0
澳子头村b,7
澳子头社康中心a,12
澳子头社康中心b,-1
八卦二路a,5
八卦二路b,-1
八卦岭①a,-1
八卦岭①b,-1
八卦岭社康中心a,5
八卦岭社康中心b,0
八卦路a,-1
八卦路b,5
八卦五街,5
巴丁街,5
芭田厂a,-1
芭田厂b,0
坝光新村1,-1
坝光新村①a,0
坝光新村①b,-1
坝光新村②a,-1
坝光新村②b,-1
白鸽湖村a,6
白鸽湖村b,-1
白鸽湖路口a,6
白鸽湖路口b,-1
白鸽笼公交接驳站,9
白虎头a,0
白虎头b,8
白花a,0
白花b,6
白花村a,6
白花村b,0
白花洞a,0
白花洞b,9
白花洞东广场,6
白花洞路口a,6
白花洞路口b,0
白花洞社区,-1
白花广场东a,0
白花广场东b,6
白花社区,-1
白灰围a,3
白灰围b,0
白芒村a,11
白芒村b,0
白芒检查站,-1
白芒小学a,11
白芒小学b,0
白坭坑村委,8
白坭坑牌坊,8
白坭坑新街,8
白泥坑a,0
白泥坑b,8
白泥坑牌坊,9
白沙水a,12
白沙水b,-1
白石伯恩厂a,-1
白石伯恩厂b,-1
白石冈a,-1
白石冈b,9
白石科苑路口a,0
白石科苑路口b,1
白石客运站a,-1
白石客运站b,-1
白石龙村a,6
白石龙村b,0
白石龙村口a,6
白石龙村口b,0
白石龙地铁站a,0
白石龙地铁站b,6
白石龙口,11
白石龙南a,6
白石龙南b,0
白石龙总站a,5
白石龙总站b,-1
白石路口a,-1
白石路口b,7
白石路中a,0
白石路中b,11
白石门诊部,-1
白石厦村a,0
白石厦村b,2
白石厦村委a,-1
白石厦村委b,0
白石厦东a,2
白石厦东b,9
白石厦公交总站a,9
白石厦公交总站b,-1
白石厦警区a,-1
白石厦警区b,-1
白石厦市场a,-1
白石厦市场b,0
白石塘a,0
白石塘b,12
白石塘村a,12
白石塘村b,0
白石塘路口a,-1
白石塘路口b,12
白石洲,11
白石洲①a,11
白石洲①b,0
白石洲②a,11
白石洲②b,0
白石洲③a,0
白石洲③b,11
白石洲西a,0
白石洲西b,11
白石综合市场a,-1
白石综合市场b,-1
白云坑路口a,-1
白云坑路口b,-1
白云坑桥(惠阳职业学校),-1
百度国际大厦a,0
百度国际大厦b,-1
百富城a,12
百富城b,0
百富城社区,12
百鸽笼a,8
百鸽笼b,0
百鸽笼(西湖新村)a,-1
百鸽笼(西湖新村)b,9
百鸽笼公交接驳站,5
百鸽笼总站a,0
百鸽笼总站b,5
百合山庄a,-1
百合山庄b,5
百合盛世a,0
百合盛世b,3
百合星城北a,8
百合星城北b,0
百花村a,-1
百花村b,-1
百花二路a,-1
百花二路b,-1
百花四路a,-1
百花四路b,-1
百花一路a,-1
百花一路b,-1
百丽物流中心a,0
百丽物流中心b,8
百门前工业区a,8
百门前工业区b,8
百纳广场a,11
百纳广场b,0
百仕达东郡a,0
百仕达东郡b,5
百仕达花园a,0
百仕达花园b,5
百事可乐a,-1
百事可乐b,0
柏怡科技园,4
坂田地铁站,8
坂田地铁站(坂田医院),12
坂田二号路路口a,-1
坂田二号路路口b,9
坂田岗大道路口,-1
坂田国际中心a,0
坂田国际中心b,-1
坂田花城百货,-1
坂田华城百货a,0
坂田华城百货b,6
坂田街道二办a,9
坂田街道二办b,6
坂田九鼎皇大酒店a,-1
坂田九鼎皇大酒店b,-1
坂田路口北a,6
坂田路口北b,-1
坂田路口南a,0
坂田路口南b,6
坂田路口西a,6
坂田路口西b,0
坂田市场a,0
坂田市场b,6
坂田手造文化街a,0
坂田手造文化街b,5
坂田手造文化街(临时站),-1
坂田文体中心a,-1
坂田文体中心b,-1
坂田象角塘总站a,9
坂田象角塘总站b,-1
坂田雪象村总站a,-1
坂田雪象村总站b,6
坂田医院a,3
坂田医院b,-1
坂兴路口a,6
坂兴路口b,0
坂雪岗大道路口a,8
坂雪岗大道路口b,-1
版画村a,0
版画村b,9
版画基地a,6
版画基地b,6
半岛花园a,0
半岛花园b,11
半岛花园北a,-1
半岛花园北b,11
半岛苑a,8
半岛苑b,0
半山海景a,-1
半山海景b,-1
半山溪谷a,4
半山溪谷b,-1
半天云村路口a,-1
半天云村路口b,-1
邦凯电子a,-1
邦凯电子b,10
邦凯二路口,0
邦凯科技a,0
邦凯科技b,6
邦深电子厂a,2
邦深电子厂b,0
蚌岗a,2
蚌岗b,0
蚌岭村口a,6
蚌岭村口b,0
宝安北路口a,0
宝安北路口b,5
宝安北路口①,8
宝安北路口②,5
宝安笔架山,9
宝安残联a,0
宝安残联b,9
宝安大道路口a,-1
宝安大道路口b,-1
宝安党校a,0
宝安党校b,1
宝安地铁站a,1
宝安地铁站b,0
宝安地铁站南,1
宝安第一外语学校a,0
宝安第一外语学校b,9
宝安电视台a,1
宝安电视台b,0
宝安电子数码城,9
宝安都之都a,-1
宝安都之都b,-1
宝安法院a,1
宝安法院b,-1
宝安法院北,1
宝安妇幼,1
宝安妇幼保健院,1
宝安妇幼北a,0
宝安妇幼北b,1
宝安妇幼东a,9
宝安妇幼东b,1
宝安公园a,0
宝安公园b,1
宝安公园南门a,-1
宝安公园南门b,1
宝安公园西门a,1
宝安公园西门b,0
宝安国防基地a,0
宝安国防基地b,9
宝安国检a,1
宝安国检b,0
宝安海雅百货a,0
宝安海雅百货b,1
宝安行政中心a,-1
宝安行政中心b,1
宝安行政中心北a,1
宝安行政中心北b,0
宝安行政中心东,1
宝安行政中心南,9
宝安黄田客运站a,0
宝安黄田客运站b,-1
宝安机关幼儿园a,9
宝安机关幼儿园b,0
宝安交警大队a,1
宝安交警大队b,0
宝安交警大队①a,1
宝安交警大队①b,0
宝安交通运输局,1
宝安交通运输局①a,1
宝安交通运输局①b,0
宝安交通运输局②,1
宝安交通运输局③a,1
宝安交通运输局③b,0
宝安教育城a,0
宝安教育城b,9
宝安客运中心a,1
宝安客运中心b,0
宝安客运中心南a,1
宝安客运中心南b,-1
宝安客运中心总站a,2
宝安客运中心总站b,0
宝安慢性病医院,1
宝安南路a,5
宝安南路b,0
宝安农批市场a,1
宝安农批市场b,0
宝安农批市场东a,1
宝安农批市场东b,0
宝安汽车站a,1
宝安汽车站b,-1
宝安区交通运输局,-1
宝安人民医院a,0
宝安人民医院b,1
宝安日报社a,1
宝安日报社b,0
宝安赛,-1
宝安赛格a,0
宝安赛格b,1
宝安实验学校a,0
宝安实验学校b,1
宝安实验学校①,9
宝安实验学校②,1
宝安市场监督分局a,0
宝安市场监督分局b,1
宝安市场监管分局a,0
宝安市场监管分局b,1
宝安税务局a,0
宝安税务局b,1
宝安桃花源a,0
宝安桃花源b,1
宝安桃花源总站a,1
宝安桃花源总站b,-1
宝安桃源居a,0
宝安桃源居b,1
宝安桃源居西a,1
宝安桃源居西b,0
宝安体育馆a,-1
宝安体育馆b,1
宝安体育馆东a,1
宝安体育馆东b,0
宝安体育馆东(招呼站),-1
宝安图书馆①a,1
宝安图书馆①b,0
宝安万佳a,0
宝安万佳b,1
宝安小学a,1
宝安小学b,0
宝安新村a,0
宝安新村b,1
宝安艺术城a,0
宝安艺术城b,1
宝安艺术城①,1
宝安中心医院a,1
宝安中心医院b,0
宝安中心医院①a,0
宝安中心医院①b,1
宝安中心站,1
宝安中心站①,1
宝安中心站②,1
宝安中学东,1
宝安中学附属小学a,0
宝安中学附属小学b,1
宝安中学生教育基地a,0
宝安中学生教育基地b,0
宝安中医院,1
宝昌发电厂a,0
宝昌发电厂b,6
宝城三区总站a,0
宝城三区总站b,1
宝德厂a,0
宝德厂b,6
宝德科技a,-1
宝德科技b,0
宝迪化工厂a,0
宝迪化工厂b,12
宝鼎威货运a,-1
宝鼎威货运b,9
宝丰商场a,12
宝丰商场b,-1
宝福珠宝园a,8
宝福珠宝园b,0
宝福珠宝园②a,8
宝福珠宝园②b,0
宝岗路a,5
宝岗路b,-1
宝岗路南a,0
宝岗路南b,5
宝岗派出所a,-1
宝岗派出所b,6
宝冠路口a,8
宝冠路口b,0
宝荷农贸市场a,0
宝荷农贸市场b,12
宝荷沙荷路口a,0
宝荷沙荷路口b,12
宝荷物流中心,12
宝横路口,12
宝华厂a,2
宝华厂b,0
宝华地铁站①,0
宝华路口,9
宝江工业区a,9
宝江工业区b,-1
宝江工业区(新木盛低碳园),-1
宝坤工业区,0
宝丽路口a,8
宝丽路口b,0
宝利工业区a,6
宝利工业区b,0
宝利工业区总站a,0
宝利工业区总站b,9
宝利恒公司a,-1
宝利恒公司b,2
宝龙比亚迪a,0
宝龙比亚迪b,12
宝龙大道a,0
宝龙大道b,7
宝龙加油站,12
宝龙交警中队a,12
宝龙交警中队b,0
宝龙街道办a,-1
宝龙街道办b,-1
宝龙路口a,7
宝龙路口b,0
宝龙路总站,-1
宝龙派出所a,12
宝龙派出所b,0
宝龙生活区a,-1
宝龙生活区b,-1
宝龙五路路口,0
宝龙小学a,1
宝龙小学b,0
宝龙一路路口a,0
宝龙一路路口b,7
宝龙总站a,7
宝龙总站b,0
宝路工业区a,2
宝路工业区b,0
宝民派出所a,9
宝民派出所b,-1
宝能城市广场a,3
宝能城市广场b,0
宝能达科技园北,-1
宝能科技园北a,0
宝能科技园北b,6
宝能太古城a,0
宝能太古城b,11
宝桥二区北门a,-1
宝桥二区北门b,-1
宝燃油站a,0
宝燃油站b,10
宝润装饰城a,1
宝润装饰城b,0
宝山第二工业区,-1
宝山隆路口a,0
宝山隆路口b,-1
宝山路口a,-1
宝山路口b,-1
宝山派出所a,0
宝山派出所b,7
宝山园a,0
宝山园b,1
宝深路a,0
宝深路b,11
宝石科技园,10
宝石路口a,1
宝石路口b,0
宝田二路路口a,0
宝田二路路口b,-1
宝田医院a,10
宝田医院b,0
宝溪综合市场a,9
宝溪综合市场b,-1
宝祥工业园a,-1
宝祥工业园b,-1
宝兴第二幼儿园,2
宝兴钢铁厂a,-1
宝兴钢铁厂b,-1
宝兴科技a,0
宝兴科技b,0
宝源科技a,6
宝源科技b,0
宝源新村a,1
宝源新村b,0
宝珠花园a,0
宝珠花园b,11
宝梓路口a,7
宝梓路口b,0
保安公司a,-1
保安公司b,9
保安图书馆①,0
保惠物流,9
保利剧院a,11
保利剧院b,-1
保税港区,-1
保税区海关a,0
保税区海关b,5
保税区四号门a,9
保税区四号门b,9
保税物流中心a,-1
保税物流中心b,-1
报恩福地a,0
报恩福地b,10
陂老村a,-1
陂老村b,9
陂头背新村a,3
陂头背新村b,0
陂头肚村a,0
陂头肚村b,9
陂头吓新村a,6
陂头吓新村b,0
陂头小区a,6
陂头小区b,0
北大方正a,10
北大方正b,10
北大医院①a,5
北大医院①b,0
北大医院②a,5
北大医院②b,5
北大园区a,11
北大园区b,0
北斗人行天桥a,0
北斗人行天桥b,5
北方公司a,1
北方公司b,0
北方国际a,0
北方国际b,-1
北方俊亿工业园a,-1
北方俊亿工业园b,-1
北环科苑立交,9
北环科苑天桥a,0
北环科苑天桥b,1
北环朗山二号路口a,-1
北环朗山二号路口b,0
北环龙井天桥a,0
北环龙井天桥b,11
北环路口a,9
北环路口b,-1
北环桃源天桥a,0
北环桃源天桥b,1
北环铜鼓天桥a,0
北环铜鼓天桥b,1
北环香梅北天桥a,5
北环香梅北天桥b,11
北环香梅立交,9
北环香蜜立交a,0
北环香蜜立交b,11
北环香蜜立交西,11
北环新洲立交,8
北环中学a,0
北环中学b,1
北门坳,8
北山工业区a,4
北山工业区b,0
北山路口a,4
北山路口b,4
北师大附小a,0
北师大附小b,11
北师大附中a,0
北师大附中b,11
北亭实验学校a,-1
北亭实验学校b,9
北站枢纽公交场,-1
贝特工业园,9
贝添利工业区a,0
贝添利工业区b,9
倍光工业园a,8
倍光工业园b,0
奔达康a,0
奔达康b,-1
奔达康第二工业园(榕树吓村)a,-1
奔达康第二工业园(榕树吓村)b,-1
比克厂a,-1
比克厂b,9
比亚迪二号门a,9
比亚迪二号门b,-1
比亚迪路口a,0
比亚迪路口b,7
比亚迪生活区a,7
比亚迪生活区b,-1
比亚迪维修服务中心,-1
比亚迪学校a,12
比亚迪学校b,12
比亚迪一号门a,7
比亚迪一号门b,0
笔架山公交总站a,9
笔架山公交总站b,-1
笔架山公园a,5
笔架山公园b,0
笔架山石场,10
笔架山水厂a,5
笔架山水厂b,0
碧波花园a,0
碧波花园b,5
碧海公馆a,1
碧海公馆b,0
碧海湾地体站①,1
碧海湾地铁站,1
碧湖村a,-1
碧湖村b,-1
碧岭村委a,-1
碧岭村委b,7
碧岭大工业区a,7
碧岭大工业区b,0
碧岭东纵路口,-1
碧岭公交总站a,9
碧岭公交总站b,-1
碧岭居委a,7
碧岭居委b,0
碧岭路口,9
碧岭小学,-1
碧岭小学路口,7
碧岭总站a,7
碧岭总站b,0
碧水龙庭a,6
碧水龙庭b,-1
碧头地铁站a,-1
碧头地铁站b,9
碧头路口a,9
碧头路口b,0
碧湾居,9
碧眼村口a,0
碧眼村口b,9
碧眼杜康,-1
碧眼路口,-1
碧眼社康a,10
碧眼社康b,0
碧洲a,9
碧洲b,0
标华福特厂a,-1
标华福特厂b,0
标尚学校,9
标尚学校②a,9
标尚学校②b,0
标尚学校东,9
滨海科苑立交,11
滨海明珠工业区,9
滨海沙河东立交,9
滨海深湾立交a,9
滨海深湾立交b,9
滨海实验小学,9
滨海之窗a,11
滨海之窗b,0
滨海中,9
滨海中①,9
滨海中②,5
滨河华强天桥a,5
滨河华强天桥b,0
滨河苑a,0
滨河苑b,10
滨河总站a,5
滨河总站b,0
滨江新村①a,5
滨江新村①b,0
滨江新村②a,5
滨江新村②b,0
炳坑村a,12
炳坑村b,0
波托菲诺a,9
波托菲诺b,-1
玻璃厂a,0
玻璃厂b,0
博凯迈a,9
博凯迈b,0
博文学校a,0
博文学校b,6
博艺幼儿园a,10
博艺幼儿园b,0
岗村,2
岗大厦a,2
岗大厦b,2
岗派出所a,-1
岗派出所b,0
岗三村,2
岗盛芳园总站a,-1
岗盛芳园总站b,9
岗市场,2
岗幼儿园a,2
岗幼儿园b,-1
布吉宝顶总站a,9
布吉宝顶总站b,-1
布吉公园a,-1
布吉公园b,8
布吉国土所,8
布吉交警中队a,0
布吉交警中队b,8
布吉街a,8
布吉街b,0
布吉街道办,8
布吉街道办总站a,9
布吉街道办总站b,-1
布吉警署a,0
布吉警署b,8
布吉联检站,-1
布吉慢城a,0
布吉慢城b,8
布吉农贸市场,9
布吉汽车站a,8
布吉汽车站b,0
布吉三联总站a,9
布吉三联总站b,0
布吉天虹a,0
布吉天虹b,8
布吉西环路口a,0
布吉西环路口b,8
布吉阳光花园a,8
布吉阳光花园b,-1
布吉一村a,0
布吉一村b,8
布吉医院a,0
布吉医院b,8
布吉长龙新村a,-1
布吉长龙新村b,5
布吉中学a,8
布吉中学b,0
布锦村a,0
布锦村b,7
布锦村路口a,-1
布锦村路口b,9
布澜路口a,0
布澜路口b,8
布龙公路a,9
布龙公路b,0
布龙立交a,0
布龙立交b,8
布心花园,8
布心山湖居,5
布心山湖居总站,5
布心山庄a,0
布心山庄b,5
布心市场a,5
布心市场b,5
布心小学,-1
布心总站a,-1
布心总站b,-1
布新社区a,0
布新社区b,7
步涌工业区a,0
步涌工业区b,0
步涌桥a,-1
步涌桥b,2
步涌市场a,0
步涌市场b,2
步涌市场东a,2
步涌市场东b,0
步涌新村a,0
步涌新村b,2
部九窝a,0
部九窝b,6
部九窝路口a,-1
部九窝路口b,-1
部九窝路口(曼海宁花园),9
部九窝总站a,-1
部九窝总站b,-1
才华学校,2
财富大厦,9
彩福大厦a,0
彩福大厦b,5
彩虹环保a,0
彩虹环保b,10
彩虹科技大厦a,0
彩虹科技大厦b,9
彩煌公司a,0
彩煌公司b,6
彩煌公司①a,6
彩煌公司①b,6
彩世界家园,5
彩田村①a,0
彩田村①b,5
彩田村②a,0
彩田村②b,11
彩田村北,11
彩迅工业园,-1
彩悦大厦,6
蔡屋围新七坊a,0
蔡屋围新七坊b,5
灿邦国际,-1
草铺地铁站⑥,8
草铺地铁站⑦,8
草铺地铁站⑧,-1
草铺小区a,-1
草铺小区b,0
草埔,-1
草埔村口a,5
草埔村口b,0
草埔地铁站,5
草埔地铁站①,8
草埔地铁站②a,0
草埔地铁站②b,8
草埔地铁站③,8
草埔地铁站④a,0
草埔地铁站④b,5
草埔地铁站⑤a,8
草埔地铁站⑤b,8
草埔地铁站⑥,8
草埔地铁站⑦,8
草埔地铁站⑧,5
草埔地铁站⑨,8
草埔吓屋村a,5
草埔吓屋村b,-1
草埔小区a,-1
草埔小区b,7
曾屋村a,0
曾屋村b,7
叉路口,-1
茶光①a,0
茶光①b,11
茶光②a,11
茶光②b,0
茶光路中a,0
茶光路中b,11
茶光路总站a,11
茶光路总站b,0
茶光石鼓路口a,11
茶光石鼓路口b,0
昌盛百货a,3
昌盛百货b,0
车村a,12
车村b,-1
臣田工业区a,1
臣田工业区b,0
城德轩科技园a,-1
城德轩科技园b,0
城龙花园a,12
城龙花园b,9
城区一中队a,-1
城区一中队b,-1
城市花园a,4
城市花园b,4
城市明珠a,6
城市明珠b,0
城市山谷a,0
城市山谷b,11
城市山林东a,11
城市山林东b,0
城市山林西a,11
城市山林西b,0
程鹏花园,-1
池屋新村a,0
池屋新村b,-1
赤坳工业区a,7
赤坳工业区b,-1
赤坳总站a,0
赤坳总站b,7
赤岭天桥,0
赤岭头村a,0
赤岭头村b,6
赤石岗市场a,0
赤石岗市场b,12
赤石岗小区a,9
赤石岗小区b,0
赤湾村,-1
赤湾地铁公交总站a,11
赤湾地铁公交总站b,-1
赤湾地铁站,-1
赤湾港a,0
赤湾港b,9
赤湾港总站a,-1
赤湾港总站b,-1
赤湾凯丰码头a,0
赤湾凯丰码头b,-1
赤湾口a,11
赤湾口b,-1
赤湾小学,-1
赤湾总站a,0
赤湾总站b,11
赤尾天桥a,5
赤尾天桥b,0
赤子香村a,-1
赤子香村b,7
赤子香路口a,9
赤子香路口b,0
崇和学校a,0
崇和学校b,12
崇基工业区a,-1
崇基工业区b,10
崇泰五金厂,-1
穿孔桥a,0
穿孔桥b,5
传麒山a,-1
传麒山b,9
创富科技园a,9
创富科技园b,0
创景路口,7
创维大厦a,11
创维大厦b,0
创维工业区总站,9
创维工业园,-1
创维工业园总站,9
创维路口a,0
创维路口b,10
创维石岩基地a,0
创维石岩基地b,9
创维天桥a,10
创维天桥b,0
创新研究院a,9
创新研究院b,-1
创业花园a,6
创业花园b,0
创业路东a,11
创业路东b,11
创业三路路口a,4
创业三路路口b,-1
创业天虹南a,1
创业天虹南b,0
创业天虹商场a,0
创业天虹商场b,1
创业天虹商场①a,-1
创业天虹商场①b,1
创业五路a,9
创业五路b,-1
创业一村幼儿园a,0
创业一村幼儿园b,1
创意文化园a,-1
创意文化园b,11
创裕工业园,-1
春风万佳①a,0
春风万佳①b,5
春风万佳②a,5
春风万佳②b,0
春风万家①,5
春雷幼儿园a,0
春雷幼儿园b,8
春园路口a,11
春园路口b,0
纯水岸西a,0
纯水岸西b,9
纯水西岸a,0
纯水西岸b,11
纯水一号科技公司a,2
纯水一号科技公司b,0
慈海医院a,12
慈海医院b,0
赐昱a,0
赐昱b,12
赐昱幼儿园a,-1
赐昱幼儿园b,9
翠北小学a,5
翠北小学b,5
翠枫豪园a,0
翠枫豪园b,8
翠枫豪园总站a,0
翠枫豪园总站b,8
翠枫实验学校a,8
翠枫实验学校b,0
翠岗公园a,2
翠岗公园b,0
翠岗西路口a,-1
翠岗西路口b,2
翠海花园,11
翠海花园①,5
翠海花园②,5
翠湖花园a,1
翠湖花园b,0
翠湖花园①a,2
翠湖花园①b,0
翠景路南a,7
翠景路南b,0
翠薇园,11
翠园中学东晓校区a,8
翠园中学东晓校区b,5
翠竹北,5
翠竹大厦a,0
翠竹大厦b,5
翠竹万家a,5
翠竹万家b,0
翠竹园a,-1
翠竹园b,-1
翠竹苑a,5
翠竹苑b,0
村田厂a,7
村田厂b,0
村田科技公司a,-1
村田科技公司b,0
达利花园a,1
达利花园b,0
打石岭工业区a,12
打石岭工业区b,0
大板桥a,-1
大板桥b,9
大宝北路公交总站a,0
大宝北路公交总站b,1
大布头,9
大布巷市场a,-1
大布巷市场b,-1
大草埔社区a,8
大草埔社区b,0
大冲①a,11
大冲①b,11
大冲②a,11
大冲②b,11
大冲小学a,0
大冲小学b,9
大船坑,-1
大发埔村路口a,6
大发埔村路口b,6
大发埔油站,3
大芬地铁站①a,0
大芬地铁站①b,8
大芬地铁站②a,0
大芬地铁站②b,8
大芬油画村a,0
大芬油画村b,8
大凤村a,-1
大凤村b,0
大福工业区a,-1
大福工业区b,-1
大福老村a,-1
大福老村b,-1
大富工业区a,0
大富工业区b,6
大富工业区路口a,9
大富工业区路口b,-1
大富科技a,-1
大富科技b,-1
大工业区东门a,7
大工业区东门b,0
大工业区二号路a,-1
大工业区二号路b,-1
大工业区管委会,-1
大工业区广,9
大工业区广场a,0
大工业区广场b,7
大工业区南门a,7
大工业区南门b,7
大工业区体育中心,7
大观邸a,0
大观邸b,8
大观园路口a,0
大观园路口b,0
大官邸,8
大和,9
大和工业区a,0
大和工业区b,6
大和路口a,6
大和路口b,0
大和市场a,0
大和市场b,6
大和文体广场,9
大和新村,9
大和综合市场a,2
大和综合市场b,0
大皇公a,0
大皇公b,8
大家好广场a,0
大家好广场b,1
大剧院,5
大kan安居苑a,11
大kan安居苑b,0
大kan二村口a,0
大kan二村口b,11
大kan工业区a,0
大kan工业区b,11
大kan社康中心a,11
大kan社康中心b,0
大kan小学a,11
大kan小学b,0
大kan综合市场a,11
大kan综合市场b,-1
大康村委a,4
大康村委b,0
大康福田村a,4
大康福田村b,-1
大康路口a,4
大康路口b,-1
大康市场a,4
大康市场b,0
大坑路口a,0
大坑路口b,12
大朗邮政所,6
大浪宝坤工业区a,0
大浪宝坤工业区b,6
大浪宝龙新村a,6
大浪宝龙新村b,0
大浪部九窝总站a,0
大浪部九窝总站b,6
大浪村委a,-1
大浪村委b,6
大浪服装基地,-1
大浪服装基地总站a,0
大浪服装基地总站b,6
大浪工商所,-1
大浪行政中心a,0
大浪行政中心b,6
大浪交警中队a,0
大浪交警中队b,6
大浪街道办a,0
大浪街道办b,6
大浪居委a,0
大浪居委b,1
大浪劳动广场a,0
大浪劳动广场b,6
大浪劳动者广场a,0
大浪劳动者广场b,6
大浪三联总站a,0
大浪三联总站b,6
大浪商业中心a,6
大浪商业中心b,0
大浪石观工业区a,0
大浪石观工业区b,6
大浪同富裕工业区a,6
大浪同富裕工业区b,0
大浪小区a,0
大浪小区b,12
大浪新百丽,6
大浪新百丽总站a,6
大浪新百丽总站b,0
大浪羊台山,-1
大浪邮政所a,0
大浪邮政所b,6
大立路口,7
大靓市场a,8
大靓市场b,8
大岭社区,6
大陇a,-1
大陇b,-1
大垅,-1
大陆庄园a,11
大陆庄园b,0
大梅沙,9
大梅沙海滨总站a,-1
大梅沙海滨总站b,-1
大庙路口,2
大鹏办事处a,-1
大鹏办事处b,7
大鹏城管a,-1
大鹏城管b,9
大鹏第二工业区,7
大鹏第四工业区a,0
大鹏第四工业区b,9
大鹏第一工业区a,7
大鹏第一工业区b,0
大鹏海关a,-1
大鹏海关b,0
大鹏加油站,-1
大鹏建设银行a,-1
大鹏建设银行b,-1
大鹏交通运输局a,0
大鹏交通运输局b,9
大鹏街道办,-1
大鹏墓园a,-1
大鹏墓园b,-1
大鹏汽车站a,0
大鹏汽车站b,7
大鹏山庄a,-1
大鹏山庄b,9
大鹏市场路口a,-1
大鹏市场路口b,9
大鹏所城a,0
大鹏所城b,7
大鹏王母站,7
大鹏西坑村a,-1
大鹏西坑村b,-1
大鹏新区管委会a,9
大鹏新区管委会b,-1
大鹏新区管委会西a,-1
大鹏新区管委会西b,7
大鹏邮局,-1
大鹏油站a,-1
大鹏油站b,9
大鹏中心a,5
大鹏中心b,0
大鹏中心①a,7
大鹏中心①b,0
大鹏中心②a,0
大鹏中心②b,7
大鹏中心小学a,-1
大鹏中心小学b,-1
大埔,-1
大润发a,0
大润发b,6
大沙河公园a,0
大沙河公园b,11
大世纪花园a,8
大世纪花园b,0
大世纪水山缘a,8
大世纪水山缘b,0
大水坑收费站,9
大水坑一村a,6
大水坑一村b,0
大水田村总站a,0
大水田村总站b,6
大水田工业区a,9
大水田工业区b,-1
大塘居民小组a,0
大塘居民小组b,7
大田洋公交场站a,2
大田洋公交场站b,0
大湾泳场a,-1
大湾泳场b,-1
大万村a,9
大万村b,-1
大万世居a,7
大万世居b,0
大王山,-1
大王山村a,9
大王山村b,0
大望耕作口,9
大望工作口,9
大望公园a,0
大望公园b,5
大望健康服务站a,-1
大望健康服务站b,8
大望桥a,-1
大望桥b,5
大望球场a,0
大望球场b,5
大望社康,8
大望小学a,0
大望小学b,5
大围a,-1
大围b,12
大围村a,9
大围村b,0
大温坝市场a,-1
大温坝市场b,-1
大窝村a,-1
大窝村b,0
大窝村路口a,-1
大窝村路口b,7
大窝佳宝工业园a,0
大窝佳宝工业园b,0
大窝路口a,0
大窝路口b,12
大新村a,11
大新村b,0
大新地铁站a,11
大新地铁站b,0
大新小学a,11
大新小学b,0
大信花园a,0
大信花园b,6
大兴果场a,0
大兴果场b,9
大兴新村,0
大兴一路北a,0
大兴一路北b,-1
大亚湾管委会侧门a,-1
大亚湾管委会侧门b,-1
大亚湾交管总站a,-1
大亚湾交管总站b,-1
大亚湾科技园(政务中心)a,-1
大亚湾科技园(政务中心)b,-1
大亚湾汽车站a,-1
大亚湾汽车站b,-1
大洋花园a,0
大洋花园b,2
大洋田工业区a,0
大洋田工业区b,2
大益广场a,0
大益广场b,1
大友钢铁厂,0
大园a,0
大园b,8
大运城邦a,8
大运城邦b,0
大运地铁接驳站a,0
大运地铁接驳站b,12
大运地铁接驳站场站a,-1
大运地铁接驳站场站b,4
大运地铁站a,4
大运地铁站b,3
大运地铁站接驳站,12
大运公园,12
大运新城交通场站,9
大运新城总站a,12
大运新城总站b,0
大运游泳馆a,0
大运游泳馆b,-1
大运中心a,3
大运中心b,0
大运中心副馆a,0
大运中心副馆b,12
大运中心体育场a,12
大运中心体育场b,0
大运中心体育馆a,12
大运中心体育馆b,0
大中华国际广场a,0
大中华国际广场b,5
大中华国际广场北a,-1
大中华国际广场北b,9
大中华国际交易广场,-1
大族激光a,0
大族激光b,2
丹坑村a,6
丹坑村b,0
丹平金鹏物流a,8
丹平金鹏物流b,0
丹平人行天桥a,8
丹平人行天桥b,0
丹平社区a,8
丹平社区b,0
丹竹头村委a,0
丹竹头村委b,8
丹竹头村总站a,5
丹竹头村总站b,-1
丹竹头地铁站a,8
丹竹头地铁站b,8
丹竹头汽车站a,-1
丹竹头汽车站b,-1
丹竹头社区a,8
丹竹头社区b,0
丹梓大道东a,7
丹梓大道东b,0
淡水立交西(嗨尘)a,-1
淡水立交西(嗨尘)b,-1
档案中心a,0
档案中心b,5
德昌新沙路口,2
德菲厂,7
德福花园a,8
德福花园b,0
德金社区a,0
德金社区b,2
德普电子城,-1
德普电子城总站a,-1
德普电子城总站b,-1
德润电子厂a,-1
德润电子厂b,-1
德泰科技园a,6
德泰科技园b,0
德信昌科技园a,0
德信昌科技园b,9
德兴花园a,5
德兴花园b,8
德业丰商务中心,1
德州城(南边灶新村),-1
德洲城(南边灶新村),-1
登良路口,11
低山村a,0
低山村b,3
迪佳商场a,-1
迪佳商场b,-1
迪能激光大厦a,0
迪能激光大厦b,2
地王大厦a,0
地王大厦b,5
地质公园路中a,-1
地质公园路中b,0
帝豪酒店①a,8
帝豪酒店①b,0
帝豪酒店②a,0
帝豪酒店②b,5
帝景园a,9
帝景园b,-1
第二高级技工学校,5
第二高级中学a,0
第二高级中学b,11
第二小学a,-1
第二小学b,0
第二职业技术学校a,10
第二职业技术学校b,0
第二职业学校,9
第九回收站a,-1
第九回收站b,-1
第六工业区a,10
第六工业区b,0
第三高级中心,9
第三高级中学a,3
第三高级中学b,-1
第三人民医院a,8
第三人民医院b,0
第三中学初中部a,0
第三中学初中部b,9
第十工业区a,0
第十工业区b,6
第一城,-1
电信大厦a,0
电信大厦b,6
电信大厦路口a,6
电信大厦路口b,0
电子数码城a,1
电子数码城b,0
电子学校a,-1
电子学校b,9
叠翠新峰a,12
叠翠新峰b,0
叠福新村a,-1
叠福新村b,0
丁甲岭老村a,12
丁甲岭老村b,0
鼎丰科技园,0
鼎富电子厂a,-1
鼎富电子厂b,-1
鼎尚华庭a,12
鼎尚华庭b,-1
鼎胜山邻a,11
鼎胜山邻b,11
鼎盛花园,-1
鼎盛山邻,9
鼎盛山岭,-1
鼎太风华a,0
鼎太风华b,11
东边a,0
东边b,6
东滨路口,-1
东滨路中a,11
东滨路中b,0
东部电厂a,9
东部电厂b,-1
东部公交基地a,7
东部公交基地b,-1
东部华侨城a,4
东部华侨城b,0
东部华侨城总站a,-1
东部华侨城总站b,-1
东昌北a,5
东昌北b,0
东昌总站a,5
东昌总站b,0
东城智居中心a,0
东城智居中心b,0
东都花园a,3
东都花园b,0
东二市场a,6
东二市场b,-1
东方半岛a,8
东方半岛b,0
东方半岛①a,0
东方半岛①b,8
东方建富a,0
东方建富b,0
东方路口a,-1
东方路口b,10
东方明工业城a,1
东方明工业城b,0
东方山上酒店,9
东方山水酒店a,0
东方山水酒店b,2
东方市场a,0
东方市场b,-1
东方威尼斯a,0
东方威尼斯b,7
东方信息港a,-1
东方信息港b,0
东方雅苑a,5
东方雅苑b,0
东方尊峪公交总站,9
东方尊峪总站a,9
东方尊峪总站b,-1
东港酒店a,12
东港酒店b,3
东海工业区a,-1
东海工业区b,4
东海购物广场a,0
东海购物广场b,-1
东海花园a,0
东海花园b,5
东海丽景花园a,4
东海丽景花园b,0
东和花园,-1
东和路口a,4
东和路口b,0
东和南路,9
东宏工业园a,-1
东宏工业园b,-1
东湖宾馆a,8
东湖宾馆b,0
东湖公园南门总站a,5
东湖公园南门总站b,0
东湖客运站a,-1
东湖客运站b,9
东湖路a,0
东湖路b,5
东湖派出所,-1
东华学校a,0
东华学校b,12
东环路口,2
东环天虹a,9
东环天虹b,0
东环一路东,6
东环一路中a,0
东环一路中b,6
东江钢铁a,2
东江钢铁b,-1
东江集团a,0
东江集团b,10
东江科技园a,10
东江科技园b,-1
东角头a,11
东角头b,-1
东角头总站a,-1
东角头总站b,9
东坑a,10
东坑b,0
东坑北a,-1
东坑北b,-1
东坑村路口a,-1
东坑村路口b,7
东坑工业区a,-1
东坑工业区b,0
东坑总站,10
东联村a,9
东联村b,-1
东联村口,0
东联路口,9
东满莱商业城a,-1
东满莱商业城b,4
东门①a,0
东门①b,8
东门②a,0
东门②b,5
东门③a,5
东门③b,0
东门④a,5
东门④b,-1
东门⑤a,0
东门⑤b,5
东门⑥a,0
东门⑥b,8
东门街道办,-1
东门老街,5
东门市场,5
东门中①a,0
东门中①b,8
东门中②a,0
东门中②b,5
东明大道a,-1
东明大道b,0
东鹏公司a,-1
东鹏公司b,9
东泉新村a,0
东泉新村b,6
东荣厂a,-1
东荣厂b,-1
东森教练场a,-1
东森教练场b,0
东山村委,0
东山码头a,-1
东山码头b,7
东山寺a,0
东山寺b,7
东山珍珠场a,-1
东山珍珠场b,0
东升实验学校a,2
东升实验学校b,-1
东升学校a,3
东升学校b,0
东盛科技园,-1
东塘村,2
东塘街路口,2
东湾派出所a,0
东湾派出所b,8
东西路口,-1
东西涌路口,-1
东晓路a,-1
东晓路b,-1
东心岭a,0
东心岭b,8
东兴花园a,2
东兴花园b,0
东兴纸业,-1
东亿n百货,9
东涌a,0
东涌b,-1
东涌村委a,-1
东涌村委b,-1
东涌海边,-1
东长路口a,0
东长路口b,10
东长长风路口a,0
东长长风路口b,0
东长长凤路口,-1
东周派出所a,10
东周派出所b,0
东周小学a,0
东周小学b,10
东周总站a,-1
东周总站b,-1
冬乐百货a,0
冬乐百货b,10
动检大厦,9
动物园a,0
动物园b,11
洞背村a,0
洞背村b,9
都市名苑a,5
都市名苑b,0
独树村,5
独树村①,8
独树村②,8
独树村③,5
独竹a,0
独竹b,4
杜邦公司a,0
杜邦公司b,9
杜邦路口a,-1
杜邦路口b,-1
对面岭工业区a,12
对面岭工业区b,0
墩背社区a,6
墩背社区b,6
多彩科技a,0
多彩科技b,7
俄地吓小区a,-1
俄地吓小区b,6
鹅公岭村委,8
鹅公岭社区a,8
鹅公岭社区b,0
鹅公岭市场a,8
鹅公岭市场b,0
鹅颈新村a,-1
鹅颈新村b,-1
鹅溪小学a,0
鹅溪小学b,8
恩斯迈,10
儿童公园①a,0
儿童公园①b,5
儿童公园②a,0
儿童公园②b,5
儿童医院a,0
儿童医院b,5
二村市场a,6
二村市场b,0
二医院门诊部,5
发方村,9
发佳工业区a,-1
发佳工业区b,0
发展路口a,-1
发展路口b,0
翻上实验西校区西,2
翻身实验西校区西,-1
翻身实验学校a,1
翻身实验学校b,0
翻身小学a,0
翻身小学b,1
梵思诺大厦,6
方鼎华庭a,0
方鼎华庭b,11
方兴科技园a,12
方兴科技园b,0
方兴科技园c区a,12
方兴科技园c区b,0
方正微电子a,0
方正微电子b,12
方正微电子厂a,-1
方正微电子厂b,-1
芳园路口a,0
芳园路口b,9
放马铺a,0
放马铺b,9
放马埔,-1
飞东村a,0
飞东村b,7
飞东村路口,7
飞黄达科技园a,-1
飞黄达科技园b,0
飞马城,9
菲弥特a,8
菲弥特b,0
翡翠市场a,2
翡翠市场b,0
丰丽学校a,0
丰丽学校b,3
丰润居委会a,0
丰润居委会b,6
丰盛集团a,6
丰盛集团b,0
丰收城百货a,-1
丰收城百货b,-1
丰树山路口a,-1
丰树山路口b,-1
丰树山石塘a,-1
丰树山石塘b,-1
丰田村a,7
丰田村b,0
丰泽湖山庄a,-1
丰泽湖山庄b,5
风和日丽a,6
风和日丽b,0
风和日丽北a,0
风和日丽北b,6
风门坳科技工业园a,9
风门坳科技工业园b,0
风门坳科技工业园总站a,9
风门坳科技工业园总站b,0
枫丹实验学校a,-1
枫丹实验学校b,-1
枫丹雅苑a,5
枫丹雅苑b,0
峰景地铁站②a,5
峰景地铁站②b,-1
凤德岭a,-1
凤德岭b,-1
凤德岭路口,-1
凤岗汽车站a,3
凤岗汽车站b,0
凤岗天堂围市场a,-1
凤岗天堂围市场b,-1
凤岗五联路口a,-1
凤岗五联路口b,-1
凤岗小学a,1
凤岗小学b,0
凤凰办事处a,-1
凤凰办事处b,-1
凤凰村委,1
凤凰村总站a,10
凤凰村总站b,-1
凤凰第二工业区a,2
凤凰第二工业区b,0
凤凰第二天工业区,9
凤凰岗村a,1
凤凰岗村b,0
凤凰工业园a,9
凤凰工业园b,0
凤凰广场a,1
凤凰广场b,2
凤凰花苑a,0
凤凰花苑b,2
凤凰花苑①a,0
凤凰花苑①b,2
凤凰街a,5
凤凰街b,0
凤凰居委会,10
凤凰客运站a,2
凤凰客运站b,0
凤凰立交a,1
凤凰立交b,0
凤凰派出所a,1
凤凰派出所b,0
凤凰山公交综合场站a,0
凤凰山公交综合场站b,2
凤凰山脚a,0
凤凰山脚b,2
凤凰山路口a,1
凤凰山路口b,0
凤凰社区a,2
凤凰社区b,1
凤凰台湾街a,2
凤凰台湾街b,0
凤凰天桥a,2
凤凰天桥b,0
凤凰小学②a,2
凤凰小学②b,0
凤凰油站a,2
凤凰油站b,0
凤门园工业园a,0
凤门园工业园b,8
凤尾总站a,-1
凤尾总站b,0
芙蓉工业区,-1
芙蓉工业区西a,0
芙蓉工业区西b,2
芙蓉立交a,0
芙蓉立交b,2
服务公司a,-1
服务公司b,-1
福安第二工业城a,-1
福安第二工业城b,2
福安工业区a,2
福安工业区b,0
福安街,9
福安楼a,0
福安楼b,9
福安学校a,0
福安学校b,3
福安雅园a,6
福安雅园b,0
福安雅园北a,0
福安雅园北b,0
福宝社康中心,-1
福保海关宿舍,-1
福保派出所,-1
福保派出所①,-1
福保派出所②a,-1
福保派出所②b,-1
福保社康中心,5
福滨新村,5
福滨新村①a,5
福滨新村①b,0
福滨新村②a,0
福滨新村②b,8
福滨新村西,9
福城办事处a,0
福城办事处b,6
福城街道办,6
福风路南,9
福凤路公交总站a,0
福凤路公交总站b,-1
福凤路口,9
福凤路南a,0
福凤路南b,2
福凤路中a,2
福凤路中b,0
福海,0
福海工业区a,0
福海工业区b,2
福华三路口a,5
福华三路口b,0
福华新村a,0
福华新村b,5
福华一路,9
福景新村,9
福楼村a,0
福楼村b,6
福民a,-1
福民b,-1
福民地铁站a,0
福民地铁站b,5
福民公安小区a,0
福民公安小区b,5
福民公安小区・,9
福民路口南a,-1
福民路口南b,7
福民派出所a,0
福民派出所b,6
福民社康中心a,6
福民社康中心b,0
福民新村a,0
福民新村b,5
福民影剧院a,6
福民影剧院b,0
福宁总站a,4
福宁总站b,0
福强路口a,5
福强路口b,0
福桥,2
福桥综合场站a,-1
福桥综合场站b,-1
福泉路,-1
福荣中路a,0
福荣中路b,5
福瑞尔工业区a,6
福瑞尔工业区b,0
福瑞尔工业园a,0
福瑞尔工业园b,6
福田保健院a,0
福田保健院b,5
福田保税区a,-1
福田保税区b,-1
福田保税区(红树福苑),-1
福田保税区总站a,5
福田保税区总站b,0
福田保税区总站(桂花路)a,-1
福田保税区总站(桂花路)b,5
福田党校,5
福田党校①a,5
福田党校①b,0
福田党校②,-1
福田二医院a,5
福田二医院b,0
福田法院①,-1
福田高铁站a,0
福田高铁站b,5
福田交通枢纽a,5
福田交通枢纽b,0
福田口岸总站a,0
福田口岸总站b,5
福田南,-1
福田南总站a,0
福田南总站b,9
福田农批市场a,0
福田农批市场b,5
福田农批市场(临时),-1
福田区委a,5
福田区委b,5
福田实验学校①a,5
福田实验学校①b,0
福田实验学校②a,5
福田实验学校②b,0
福田市场监管分局,9
福田水围村a,0
福田水围村b,5
福田体育公园a,5
福田体育公园b,0
福田外国语学校西,9
福田外语学校东a,5
福田外语学校东b,0
福田外语学校西a,0
福田外语学校西b,5
福田武装部,9
福田香格里拉a,0
福田香格里拉b,-1
福田中学,5
福田中医院a,11
福田中医院b,5
福外侨香校区,-1
福万家百货,9
福围a,0
福围b,2
福星百货,-1
福星大厦a,0
福星大厦b,-1
福星路口a,0
福星路口b,-1
福星路中a,0
福星路中b,9
福星沃尔玛a,0
福星沃尔玛b,9
福兴达工业区,-1
福兴达工业园a,0
福兴达工业园b,7
福兴花园,0
福兴油站,9
福轩新村a,0
福轩新村b,6
福永成霖厂a,-1
福永成霖厂b,9
福永村a,-1
福永村b,-1
福永地铁站a,0
福永地铁站b,2
福永地铁站①,2
福永鼎丰科技园a,-1
福永鼎丰科技园b,2
福永东坑a,9
福永东坑b,-1
福永供电站a,9
福永供电站b,0
福永国税a,1
福永国税b,0
福永海鲜市场a,0
福永海鲜市场b,1
福永家私街a,2
福永家私街b,0
福永交管所a,0
福永交管所b,2
福永街道办,2
福永康之宝a,2
福永康之宝b,0
福永扣车场a,2
福永扣车场b,0
福永美联a,0
福永美联b,2
福永明辉厂a,2
福永明辉厂b,-1
福永汽车站a,0
福永汽车站b,2
福永桥底a,0
福永桥底b,2
福永市场a,9
福永市场b,-1
福永水厂a,2
福永水厂b,0
福永塘尾a,2
福永塘尾b,0
福永塘尾社区总站a,-1
福永塘尾社区总站b,0
福永伟创力a,0
福永伟创力b,2
福永卫生监督所a,0
福永卫生监督所b,2
福永消防中队a,9
福永消防中队b,2
福永小学a,0
福永小学b,7
福永医院a,2
福永医院b,0
福永医院凤凰分院a,2
福永医院凤凰分院b,0
福永义乌国际商贸城a,-1
福永义乌国际商贸城b,-1
福永义乌商贸城a,9
福永义乌商贸城b,-1
福永中学a,0
福永中学b,-1
福源花园,5
福苑工业区a,6
福苑工业区b,0
福之都酒店a,2
福之都酒店b,0
福中福a,0
福中福b,1
福中福总站a,1
福中福总站b,-1
福中工业区,9
福庄花园a,9
福庄花园b,0
辅城坳老村委a,8
辅城坳老村委b,0
辅城坳社区服务,-1
辅城坳天桥a,0
辅城坳天桥b,8
辅城坳小学a,6
辅城坳小学b,0
辅城坳总站a,0
辅城坳总站b,9
妇儿大厦a,11
妇儿大厦b,0
妇儿医院a,0
妇儿医院b,5
妇儿中心,-1
妇幼保健院a,5
妇幼保健院b,5
复亚医院②a,0
复亚医院②b,2
富地岗a,9
富地岗b,7
富地岗新围a,0
富地岗新围b,12
富豪花园a,0
富豪花园b,6
富华宾馆,-1
富莱得工业园a,-1
富莱得工业园b,0
富利南路口a,-1
富利南路口b,0
富利时路中a,-1
富利时路中b,-1
富利松白路口a,0
富利松白路口b,9
富联工业区a,-1
富联工业区b,6
富隆特工业区,-1
富隆特工业园,6
富美居a,0
富美居b,9
富民工业区,9
富民警务室a,8
富民警务室b,0
富民路口a,8
富民路口b,0
富桥工业区a,0
富桥工业区b,2
富泉新村a,0
富泉新村b,6
富泉新村南,6
富生酒店a,-1
富生酒店b,-1
富士胶片厂a,-1
富士胶片厂b,2
富士康a,2
富士康b,0
富士康北门a,6
富士康北门b,0
富士康南二门a,0
富士康南二门b,6
富士康南门a,6
富士康南门b,0
富士康西二门a,6
富士康西二门b,0
富士康西二门总站,6
富士康西门a,0
富士康西门b,6
富士康宿舍总站a,6
富士康宿舍总站b,-1
富士康员工宿舍a,0
富士康员工宿舍b,9
富士施乐a,0
富士施乐b,6
富通城a,1
富通城b,0
富通城二期a,1
富通城二期b,0
富通城三期a,1
富通城三期b,1
富伟厂a,-1
富伟厂b,8
富玮厂a,8
富玮厂b,0
富业商品批发城,3
富盈门a,0
富盈门b,1
富盈门①a,0
富盈门①b,1
富源工业城a,0
富源工业城b,1
富源工业区a,2
富源工业区b,0
富源工业区东门a,2
富源工业区东门b,0
富源教育城a,1
富源教育城b,0
富源居a,-1
富源居b,8
甘坑村委a,0
甘坑村委b,8
甘坑新村a,0
甘坑新村b,8
甘坑总站a,8
甘坑总站b,0
干部疗养院a,0
干部疗养院b,9
岗贝社区a,0
岗贝社区b,3
岗边村,9
岗边村①,5
岗边村②,5
岗厦②,-1
岗厦北地铁站①a,5
岗厦北地铁站①b,0
岗厦北地铁站②,5
岗厦村a,0
岗厦村b,5
岗厦地铁站a,5
岗厦地铁站b,5
岗头村a,0
岗头村b,6
岗头村委a,6
岗头村委b,0
岗头路口a,8
岗头路口b,0
岗头市场a,6
岗头市场b,0
岗头市场南a,6
岗头市场南b,0
港城路a,-1
港城路b,-1
港大医院,11
港大医院总站a,-1
港大医院总站b,11
港华高科技园,9
港龙a,0
港龙b,8
港隆城a,1
港隆城b,0
港深工业园a,0
港深工业园b,-1
高坳新村a,6
高坳新村b,-1
高达苑a,0
高达苑b,5
高尔夫球场a,6
高尔夫球场b,0
高发科技园a,0
高发科技园b,1
高发科技园总站a,11
高发科技园总站b,0
高峰学校a,-1
高峰学校b,6
高锋厂a,-1
高锋厂b,9
高级技工学校a,-1
高级技工学校b,12
高级技校a,0
高级技校b,5
高级中学北校区a,0
高级中学北校区b,5
高级中学初中部a,0
高级中学初中部b,5
高科工业园a,6
高科工业园b,0
高科技中心a,0
高科技中心b,11
高力特a,-1
高力特b,-1
高岭a,0
高岭b,-1
高桥村a,7
高桥村b,-1
高士拉链a,2
高士拉链b,0
高速桥路口a,0
高速桥路口b,-1
高喜路电子厂a,-1
高喜路电子厂b,3
高新公寓a,11
高新公寓b,0
高新公寓南a,9
高新公寓南b,9
高新南十一道a,0
高新南十一道b,-1
高新奇工业区a,9
高新奇工业区b,-1
高新奇工业园a,-1
高新奇工业园b,-1
高新奇南门a,0
高新奇南门b,1
高新西公交总站a,0
高新西公交总站b,-1
高新园地铁站,11
高鹰路口a,-1
高鹰路口b,-1
高永美a,2
高永美b,-1
高源村委a,7
高源村委b,-1
歌乐厂,9
格兰云天大酒店a,-1
格兰云天大酒店b,-1
格兰云天酒店a,6
格兰云天酒店b,0
根玉路口,0
根竹园花园a,0
根竹园花园b,9
工业八路西a,11
工业八路西b,0
工业六路口a,9
工业六路口b,0
工业七路口a,11
工业七路口b,0
弓村a,0
弓村b,6
弓村北门a,6
弓村北门b,-1
公安街3号a,9
公安街3号b,-1
公安街9号a,0
公安街9号b,0
公交大厦a,0
公交大厦b,5
公交大厦总站a,9
公交大厦总站b,-1
公交枢纽中心,-1
公坑廊新能源公交场站a,-1
公坑廊新能源公交场站b,-1
公明m248调度室a,0
公明m248调度室b,10
公明办事处a,0
公明办事处b,10
公明大围a,0
公明大围b,9
公明光晟厂总站,0
公明行政执法队a,10
公明行政执法队b,0
公明合水口总站a,-1
公明合水口总站b,-1
公明建材市场a,0
公明建材市场b,9
公明交警中队a,10
公明交警中队b,0
公明居委会a,0
公明居委会b,2
公明老街a,2
公明老街b,0
公明李松总站a,9
公明李松总站b,-1
公明马山头总站a,10
公明马山头总站b,0
公明模具厂a,0
公明模具厂b,-1
公明模具基地a,-1
公明模具基地b,0
公明内衣城公交总站a,10
公明内衣城公交总站b,0
公明派出所a,10
公明派出所b,0
公明汽车站,10
公明汽车站①,10
公明汽车站②,9
公明汽车站东,9
公明汽车站西,10
公明上村莲塘总站a,9
公明上村莲塘总站b,-1
公明塘尾a,0
公明塘尾b,10
公明天虹a,0
公明天虹b,10
公明天虹①,10
公明天虹②a,10
公明天虹②b,0
公明西田(西田第三工业区),9
公明西田（西田第三工业区）,-1
公明下石家a,-1
公明下石家b,10
公明邮政,10
公明邮政①,10
公明邮政②,10
公明中行a,0
公明中行b,10
公明中心换乘站a,0
公明中心换乘站b,10
公明中心换乘站①,-1
公明总站,9
公汽大楼a,5
公汽大楼b,0
公汽大厦a,-1
公汽大厦b,5
公园大地a,0
公园大地b,3
公园南路a,0
公园南路b,11
共创盈工业园,-1
共和步涌路口a,0
共和步涌路口b,2
共和村委a,2
共和村委b,-1
共和斜岭,9
共和新村a,0
共和新村b,6
购物公园a,5
购物公园b,-1
购物公园地铁接驳站a,9
购物公园地铁接驳站b,0
购物公园地铁站a,0
购物公园地铁站b,5
购物公园总站a,0
购物公园总站b,5
古城小区a,0
古城小区b,7
古玩城a,5
古玩城b,5
谷仓吓a,-1
谷仓吓b,7
谷峰石材a,0
谷峰石材b,9
骨科医院a,5
骨科医院b,0
固戍村a,0
固戍村b,1
固戍村总站a,0
固戍村总站b,1
固戍地铁公交接驳站a,-1
固戍地铁公交接驳站b,1
固戍地铁接驳站a,1
固戍地铁接驳站b,-1
固戍地铁站a,0
固戍地铁站b,1
固戍电子厂,9
固戍海滨新村a,1
固戍海滨新村b,0
固戍红湾a,0
固戍红湾b,1
固戍井湾新村a,0
固戍井湾新村b,1
固戍路口a,0
固戍路口b,1
固戍南昌第一工业区,9
固戍污水厂a,1
固戍污水厂b,0
固戍消防分队,9
固特电子,9
固特电子厂a,-1
固特电子厂b,0
关爱门诊部,3
关侨立交西,0
关山月美术馆a,-1
关山月美术馆b,5
关山月美术馆①a,5
关山月美术馆①b,0
关山月美术馆②a,5
关山月美术馆②b,9
观海台a,0
观海台b,11
观湖行政服务大厅,9
观湖体育中心a,6
观湖体育中心b,6
观湖园a,6
观湖园b,-1
观澜爱心家园,9
观澜办事处a,9
观澜办事处b,0
观澜成霖厂a,6
观澜成霖厂b,0
观澜大和总站a,-1
观澜大和总站b,-1
观澜大水田村总站a,0
观澜大水田村总站b,9
观澜第四工业区,-1
观澜第一工业区,6
观澜二小a,0
观澜二小b,6
观澜二中a,0
观澜二中b,6
观澜富士康北门a,-1
观澜富士康北门b,-1
观澜富士康南门a,-1
观澜富士康南门b,6
观澜富士康宿舍a,0
观澜富士康宿舍b,6
观澜高新园a,0
观澜高新园b,6
观澜供电所a,0
观澜供电所b,6
观澜行政服务大厅,-1
观澜河东村a,6
观澜河东村b,-1
观澜河东村总站a,-1
观澜河东村总站b,-1
观澜红木集聚区a,0
观澜红木集聚区b,6
观澜湖新城总站a,9
观澜湖新城总站b,-1
观澜建材市场a,6
观澜建材市场b,0
观澜交管所a,6
观澜交管所b,0
观澜交警大队,6
观澜交警中队a,6
观澜交警中队b,0
观澜锦绣观园a,-1
观澜锦绣观园b,6
观澜锦绣观园公交总站a,6
观澜锦绣观园公交总站b,-1
观澜黎光村a,-1
观澜黎光村b,6
观澜茗语华苑a,-1
观澜茗语华苑b,9
观澜牛湖水厂,6
观澜牛角龙总站a,6
观澜牛角龙总站b,0
观澜汽车站,6
观澜汽车站①,6
观澜汽车站②,6
观澜人民法院a,-1
观澜人民法院b,9
观澜人民医院①,9
观澜人民医院②,-1
观澜商会,-1
观澜商业中心,9
观澜体育中心a,6
观澜体育中心b,-1
观澜天虹商场a,0
观澜天虹商场b,6
观澜新塘村a,-1
观澜新塘村b,0
观澜新田总站a,6
观澜新田总站b,0
观澜银星总站a,9
观澜银星总站b,-1
观澜邮电局a,9
观澜邮电局b,-1
观澜长坑村a,0
观澜长坑村b,9
观澜长途客运站a,9
观澜长途客运站b,-1
观澜中心小学a,0
观澜中心小学b,6
观音山a,0
观音山b,-1
观悦酒店a,0
观悦酒店b,6
官湖村,-1
官湖村口a,-1
官湖村口b,0
官湖村委a,-1
官湖村委b,-1
官湖东站a,-1
官湖东站b,-1
官湖总站,-1
官井头村a,-1
官井头村b,12
官龙村a,0
官龙村b,10
官龙名苑a,0
官龙名苑b,11
官田村a,10
官田村b,0
官田村①a,10
官田村①b,0
官田工业区a,10
官田工业区b,0
官下路a,0
官下路b,4
冠城产业园a,-1
冠城产业园b,10
冠华学校a,1
冠华学校b,0
冠旭电子a,0
冠旭电子b,12
冠运a,-1
冠运b,-1
光浩工业园a,0
光浩工业园b,6
光华街a,11
光华街b,0
光明白花洞总站a,6
光明白花洞总站b,0
光明办事处a,-1
光明办事处b,10
光明北岗a,-1
光明北岗b,-1
光明成校a,10
光明成校b,0
光明城站a,10
光明城站b,0
光明城站路口,9
光明城站总站a,0
光明城站总站b,-1
光明大道换车站a,-1
光明大道换车站b,-1
光明大道换乘站a,10
光明大道换乘站b,0
光明大道路口a,0
光明大道路口b,10
光明东周场站a,0
光明东周场站b,-1
光明东周总站,-1
光明东周总站停车场,-1
光明峰荟a,10
光明峰荟b,0
光明凤凰小学a,-1
光明凤凰小学b,9
光明高级中学a,0
光明高级中学b,10
光明供电所a,10
光明供电所b,0
光明管委会南a,10
光明管委会南b,0
光明管委会南门,-1
光明会展中心a,6
光明会展中心b,-1
光明交通局a,0
光明交通局b,6
光明迳口新村,-1
光明留学生创业园,10
光明农场大观园a,-1
光明农场大观园b,0
光明群众体育中心,10
光明社保分保,-1
光明社保分局a,0
光明社保分局b,10
光明时尚创意园a,9
光明时尚创意园b,-1
光明实验学校a,0
光明实验学校b,10
光明实验学校东a,0
光明实验学校东b,10
光明特勤a,10
光明特勤b,0
光明体育中心a,0
光明体育中心b,9
光明新区读书馆西,9
光明新区高级中学,10
光明新区公安,-1
光明新区人民医院,10
光明新区人民医院①,10
光明新区人民医院②,10
光明新区体育中心a,10
光明新区体育中心b,0
光明新区图书馆西a,10
光明新区图书馆西b,0
光明新区文化馆a,10
光明新区文化馆b,0
光明新区中心医院a,10
光明新区中心医院b,9
光明新区中心医院接驳站,-1
光明医院总站a,10
光明医院总站b,-1
光明油站a,10
光明油站b,0
光明圳美总站a,-1
光明圳美总站b,10
光明中心站a,0
光明中心站b,10
光明中英文书院a,0
光明中英文书院b,9
光明中英文书院路口a,10
光明中英文书院路口b,0
光前村a,11
光前村b,0
光侨公司a,10
光侨公司b,0
光侨龙达路口,-1
光侨龙大桥洞,10
光晟厂a,10
光晟厂b,0
光晟厂总站,-1
光雅园路口a,0
光雅园路口b,6
光阳工业园a,-1
光阳工业园b,-1
光耀城a,-1
光耀城b,-1
光祖路口a,0
光祖路口b,7
光祖中心市场a,7
光祖中心市场b,-1
广电大厦(临时站),9
广电大厦①,9
广电大厦②,5
广电大厦临时站,9
广惠百货a,-1
广惠百货b,12
广岭a,5
广岭b,0
广岭小区,5
广三保养猪场a,0
广三保养猪场b,2
广深宾馆a,-1
广深宾馆b,-1
广深医院,-1
广生医院a,2
广生医院b,0
广田股份公司,9
广田深亚油站a,2
广田深亚油站b,0
广田有限公司,-1
广西工业区a,0
广西工业区b,6
广雅花园,10
广雅花园东a,10
广雅花园东b,0
龟山公园南a,0
龟山公园南b,9
硅谷动力观澜科技园a,-1
硅谷动力观澜科技园b,6
硅谷动力观澜园a,0
硅谷动力观澜园b,6
硅谷动力清湖园a,6
硅谷动力清湖园b,0
硅谷龙华总站a,6
硅谷龙华总站b,-1
桂发厂a,-1
桂发厂b,-1
桂芳园a,0
桂芳园b,8
桂花二市场a,0
桂花二市场b,6
桂花小学a,0
桂花小学b,6
桂花新村a,-1
桂花新村b,-1
桂景园a,9
桂景园b,0
桂景园北,-1
桂庙村口a,0
桂庙村口b,11
桂庙路口a,11
桂庙路口b,0
桂庙新村a,0
桂庙新村b,11
桂庙站,9
桂新路口,6
桂园工商所a,0
桂园工商所b,5
桂园中学a,0
桂园中学b,5
国鸿大厦a,0
国鸿大厦b,6
国花路口a,0
国花路口b,5
国际茶都a,12
国际茶都b,0
国际低碳城a,-1
国际低碳城b,-1
国际名城a,0
国际名城b,8
国际自行车赛场a,0
国际自行车赛场b,9
国家地质公园a,-1
国家地质公园b,-1
国贸a,5
国贸b,0
国内货运村a,9
国内货运村b,-1
国升工业园a,9
国升工业园b,-1
国盛大源a,0
国盛大源b,7
国盛源药业a,0
国盛源药业b,-1
国泰家私,-1
国泰家私城a,0
国泰家私城b,6
国信鞋厂a,-1
国信鞋厂b,-1
果林村路口a,-1
果林村路口b,-1
果园村,12
哈工大园区a,11
哈工大园区b,0
哈森厂,-1
海岸城a,0
海岸城b,11
海贝湾a,9
海贝湾b,0
海滨度假中心a,0
海滨度假中心b,9
海滨广场a,1
海滨广场b,0
海滨实验小学a,0
海滨实验小学b,11
海滨市场a,1
海滨市场b,-1
海滨新村a,0
海滨新村b,1
海滨浴场a,4
海滨浴场b,-1
海滨浴场①,4
海滨浴场③,4
海滨中学a,0
海滨中学b,1
海城名苑,9
海尔仓库a,0
海尔仓库b,10
海港大厦a,0
海港大厦b,4
海关大楼a,-1
海关大楼b,-1
海关大厦a,0
海关大厦b,1
海关大厦南a,0
海关大厦南b,1
海关路口a,0
海关路口b,0
海关盐田基地a,4
海关盐田基地b,0
海关综合大楼a,0
海关综合大楼b,11
海关综合楼站a,9
海关综合楼站b,0
海吉星路口a,8
海吉星路口b,-1
海吉星农贸市场a,-1
海吉星农贸市场b,8
海吉星农批市场a,0
海吉星农批市场b,8
海吉星物流园a,8
海吉星物流园b,0
海景海山路口a,0
海景海山路口b,4
海景山海路口,4
海纳中心a,0
海纳中心b,9
海南中学,9
海能达大厦a,11
海能达大厦b,0
海普瑞a,9
海普瑞b,-1
海日升厂a,0
海日升厂b,0
海山街道办a,4
海山街道办b,0
海上宾馆,-1
海上地铁站,-1
海上世界a,11
海上世界b,0
海上世界地铁站a,0
海上世界地铁站b,11
海上世界公交接驳站,9
海上世界南a,11
海上世界南b,0
海上田园a,0
海上田园b,2
海涛花园,9
海田路口a,9
海田路口b,-1
海外装饰大厦①,5
海外装饰大厦②a,5
海外装饰大厦②b,0
海外装饰大厦③,9
海湾路口a,0
海湾路口b,0
海湾中学a,-1
海湾中学b,1
海湾中学东,1
海伟厂,10
海馨苑a,5
海馨苑b,0
海星码头,-1
海雅百货a,0
海雅百货b,11
海雅缤纷城,1
海洋厂,0
海洋大厦,0
海印长城a,11
海印长城b,0
海语西湾a,1
海语西湾b,0
海月地铁站,11
海月地铁站①,9
海月地铁站②,11
海月花园a,11
海月花园b,0
海月路中a,0
海月路中b,11
海运大厦,-1
海运中心a,0
海运中心b,9
海韵学校a,1
海韵学校b,0
海志工业园a,-1
海志工业园b,-1
邯泰鞋业a,0
邯泰鞋业b,2
邯泰鞋业公司,-1
汉宝大厦a,1
汉宝大厦b,0
汉成,9
汉海达a,10
汉海达b,-1
汉永酒店a,2
汉永酒店b,0
翰林苑,9
翰岭苑,5
行政九路a,0
行政九路b,7
航城大道a,1
航城大道b,0
航城工业区a,1
航城工业区b,0
航城工业区①a,1
航城工业区①b,-1
航城路口a,1
航城路口b,0
航海路总站a,-1
航海路总站b,-1
航空物流园a,0
航空物流园b,1
航母广场,9
航盛电子a,2
航盛电子b,0
航苑大厦,5
蚝二村a,2
蚝二村b,-1
蚝二共和工业区a,9
蚝二共和工业区b,0
蚝二西海岸,2
蚝二学府花园a,2
蚝二学府花园b,-1
蚝三村委a,-1
蚝三村委b,0
蚝三丰泽园a,0
蚝三丰泽园b,9
蚝四村,9
蚝四工业园a,-1
蚝四工业园b,-1
蚝四南安科技,2
蚝四南安科技园,9
蚝四西部工业区,2
蚝乡a,-1
蚝乡b,2
蚝乡好万年,-1
蚝一村委a,2
蚝一村委b,0
蚝一西部工业区a,-1
蚝一西部工业区b,2
豪方现代豪园a,11
豪方现代豪园b,0
豪z达工业区a,-1
豪z达工业区b,8
豪威大厦a,9
豪威大厦b,-1
豪业华庭a,0
豪业华庭b,1
好利厂a,0
好利厂b,8
好日子公司a,9
好日子公司b,0
好日子公司东a,6
好日子公司东b,9
好日子公司东门a,-1
好日子公司东门b,9
好实再a,-1
好实再b,-1
好万家建材市场a,0
好万家建材市场b,3
好宜家百货,6
耗四工业区,-1
皓月花园a,6
皓月花园b,0
禾昌兴业公司a,0
禾昌兴业公司b,9
禾场吓住宅区,-1
禾坑村a,0
禾坑村b,8
合荣实业a,12
合荣实业b,0
合盛工业区a,-1
合盛工业区b,2
合水口第三工业区a,0
合水口第三工业区b,10
合水口居委a,10
合水口居委b,0
合水口市场a,10
合水口市场b,0
合水口下田,10
合兴酒楼a,3
合兴酒楼b,-1
合原塑胶厂,-1
合源塑胶厂,-1
何香凝美术馆,11
何香凝美术馆①,11
何香凝美术馆②,11
和二村a,-1
和二村b,9
和丰大厦a,6
和丰大厦b,-1
和记仓储a,6
和记仓储b,0
和平村口a,-1
和平村口b,-1
和平里花园公交总站a,0
和平里花园公交总站b,6
和平世家花园a,0
和平世家花园b,2
和平市场a,0
和平市场b,2
和平中英文学校a,2
和平中英文学校b,0
和盛嘉工业园(水围村),-1
和塘社区健康中心a,2
和塘社区健康中心b,-1
和兴花园a,0
和兴花园b,3
和一好万年a,2
和一好万年b,0
和一鸿江工业区,-1
和一鸿江工业园a,0
和一鸿江工业园b,2
和一社康中心a,0
和一社康中心b,2
和悦居a,-1
和悦居b,4
河背工业区a,6
河背工业区b,0
河滨花园a,0
河滨花园b,10
河晨村口a,9
河晨村口b,-1
河堤路口a,0
河堤路口b,10
河东a,1
河东b,0
河东村a,6
河东村b,-1
河西村a,0
河西村b,0
荷坳地铁站a,4
荷坳地铁站b,0
荷坳社区a,0
荷坳社区b,3
荷坳新村a,-1
荷坳新村b,9
荷坳新村(临时),3
荷花市场a,0
荷花市场b,5
荷叶榕市场a,0
荷叶榕市场b,6
核电工业园a,0
核电工业园b,9
核电站a,7
核电站b,0
鹤湖围新村a,-1
鹤湖围新村b,-1
鹤p村a,-1
鹤p村b,-1
鹤薮村a,-1
鹤薮村b,-1
鹤州桥底a,-1
鹤州桥底b,-1
鹤洲a,1
鹤洲b,0
鹤洲立交a,0
鹤洲立交b,1
鹤洲桥底a,0
鹤洲桥底b,1
鹤洲小学,1
恒邦科技园,-1
恒丰工业城a,1
恒丰工业城b,0
恒冠电子a,0
恒冠电子b,10
恒海工业区,10
恒海工业园a,10
恒海工业园b,0
恒利工业区a,12
恒利工业区b,0
恒美特科技园,9
恒南路口a,0
恒南路口b,9
恒森家具a,-1
恒森家具b,0
恒生医院a,1
恒生医院b,0
恒生医院总站a,-1
恒生医院总站b,1
恒泰裕高科技工业园,-1
恒特美科技园a,8
恒特美科技园b,0
恒通工业区a,0
恒通工业区b,8
恒兆工业区路口,0
横东岭村,8
横东岭村口a,0
横东岭村口b,8
横东岭路口,0
横岗大康总站a,9
横岗大康总站b,-1
横岗大厦a,0
横岗大厦b,4
横岗地铁站a,0
横岗地铁站b,4
横岗地铁站①,4
横岗防疫站a,4
横岗防疫站b,0
横岗交警中队a,-1
横岗交警中队b,-1
横岗街道办a,4
横岗街道办b,4
横岗龙州百货,4
横岗派出所a,4
横岗派出所b,0
横岗人民医院a,0
横岗人民医院b,4
横岗人民医院南a,4
横岗人民医院南b,0
横岗商业街a,0
横岗商业街b,4
横岗商业街(农业银行),-1
横岗书城a,4
横岗书城b,-1
横岗消防中队a,-1
横岗消防中队b,-1
横岗新城汇a,-1
横岗新城汇b,-1
横岗医院a,-1
横岗医院b,4
横岗长途汽车站a,-1
横岗长途汽车站b,9
横岗志健广场a,0
横岗志健广场b,4
横岗中心小学a,0
横岗中心小学b,4
横岗中学a,-1
横岗中学b,4
横坑村,6
横坑路口,6
横坑尾公交总站a,-1
横坑尾公交总站b,-1
横岭a,0
横岭b,6
横岭村,-1
横岭工业区a,0
横岭工业区b,6
横岭工业区(临1),-1
横岭工业区1,-1
横岭工业区①,6
横岭路口a,0
横岭路口b,12
横岭生活区a,-1
横岭生活区b,-1
横岭生活小区,-1
横岭小区a,-1
横岭小区b,-1
横岭总站a,0
横岭总站b,12
横排岭总站a,-1
横排岭总站b,-1
横坪沙湖路口a,0
横坪沙湖路口b,0
横塘村a,-1
横塘村b,7
横塘路中a,7
横塘路中b,-1
弘文小学a,4
弘文小学b,0
弘雅小学a,1
弘雅小学b,0
红宝石a,0
红宝石b,1
红发工业区a,0
红发工业区b,2
红岗花园a,0
红岗花园b,8
红岗西村a,5
红岗西村b,0
红桂大厦a,0
红桂大厦b,5
红桂路东a,-1
红桂路东b,5
红桂路口a,5
红桂路口b,0
红桂中学a,5
红桂中学b,0
红湖工业区a,-1
红湖工业区b,0
红花岭a,11
红花岭b,11
红花岭工业区a,0
红花岭工业区b,12
红花山公园a,0
红花山公园b,10
红荔新洲路口,5
红岭地铁站a,5
红岭地铁站b,-1
红岭路口a,0
红岭路口b,0
红岭南路①a,0
红岭南路①b,5
红岭南路②,5
红岭泥岗立交a,0
红岭泥岗立交b,5
红岭岁宝,0
红岭玮鹏中学,-1
红岭中学a,9
红岭中学b,-1
红门a,6
红门b,0
红棉二路a,9
红棉二路b,-1
红棉四联路口,9
红牌工业区a,2
红牌工业区b,0
红树福苑,-1
红树林a,0
红树林b,5
红树林公园a,-1
红树林公园b,-1
红树绿洲,5
红树湾地铁站a,11
红树湾地铁站b,-1
红树湾国际家具城a,-1
红树湾国际家具城b,2
红星村,9
红星花园a,-1
红星花园b,-1
红星居委会a,10
红星居委会b,0
闳晖科技园a,0
闳晖科技园b,2
闳辉科技园a,2
闳辉科技园b,0
宏发大世界a,10
宏发大世界b,10
宏发高新产业园a,0
宏发高新产业园b,-1
宏发工业区a,10
宏发工业区b,0
宏发领域a,1
宏发领域b,0
宏发上域a,10
宏发上域b,0
宏富百货a,7
宏富百货b,0
宏富水果市场a,9
宏富水果市场b,0
宏浩花园a,11
宏浩花园b,0
宏晟厂a,-1
宏晟厂b,12
宏扬学校a,0
宏扬学校b,8
宏杨学校,8
宏盈工业区a,0
宏盈工业区b,8
洪安围a,4
洪安围b,9
洪湖公园,8
洪湖公园①a,0
洪湖公园①b,8
洪湖公园②a,5
洪湖公园②b,0
洪湖沃尔玛a,-1
洪湖沃尔玛b,5
洪湖西路北a,0
洪湖西路北b,9
洪浪北地铁站a,1
洪浪北地铁站b,0
洪浪居委,-1
洪桥头a,9
洪桥头b,-1
洪桥头村口(招呼站),9
洪桥头村委a,2
洪桥头村委b,0
洪桥头市场(招呼站),9
洪田工业区a,0
洪田工业区b,2
洪田火山公园,-1
洪田路口a,2
洪田路口b,0
洪围村委a,12
洪围村委b,0
洪围社区a,-1
洪围社区b,9
鸿达印刷厂,-1
鸿华玩具厂,9
鸿基仓库,4
鸿基花园a,0
鸿基花园b,3
鸿佳百货a,8
鸿佳百货b,0
鸿景园a,1
鸿景园b,0
鸿桥工业园a,0
鸿桥工业园b,2
鸿桥工业园西,2
鸿仁电子a,2
鸿仁电子b,0
鸿威de森林a,-1
鸿威de森林b,-1
鸿欣大厦a,8
鸿欣大厦b,-1
鸿新花园,11
鸿新花园①,9
鸿新花园②,9
鸿兴厂西,9
鸿兴印刷厂a,0
鸿兴印刷厂b,9
鸿永利工业园总站a,-1
鸿永利工业园总站b,-1
鸿裕百货a,-1
鸿裕百货b,-1
鸿源工业区a,12
鸿源工业区b,0
鸿源工业园,9
鸿源商场a,0
鸿源商场b,3
后海滨登良路口,9
后海滨路口a,11
后海滨路口b,0
后海地铁站a,0
后海地铁站b,11
后海立交a,0
后海立交b,11
后海新村a,11
后海新村b,0
后瑞,9
后瑞村a,2
后瑞村b,0
后瑞村口,1
后瑞地铁站,1
后瑞地铁站①,2
后瑞地铁站②,1
后瑞地铁站③,2
后瑞总站a,0
后瑞总站b,1
后亭大信厂,9
后亭地铁站,2
后亭工业园,10
后亭路口a,2
后亭路口b,0
湖贝地铁站a,5
湖贝地铁站b,0
湖贝中路,5
湖田路口a,0
湖田路口b,8
虎地排a,0
虎地排b,7
虎山路口,-1
虎竹吓路口a,-1
虎竹吓路口b,9
花果山a,11
花果山b,0
花果山公园a,0
花果山公园b,2
花卉世界①a,5
花卉世界①b,0
花卉世界②a,0
花卉世界②b,5
华安居a,0
华安居b,7
华测检测,1
华成厂a,0
华成厂b,-1
华创达科技园南a,1
华创达科技园南b,0
华达工业园,9
华大基因a,0
华大基因b,-1
华大科技a,0
华大科技b,7
华电a,6
华电b,0
华东服装城a,2
华东服装城b,0
华东服装城(泰德创新科技园),-1
华发大厦①,9
华发大厦②,5
华丰第二工业园,9
华丰第一工业园,-1
华丰工业区a,1
华丰工业区b,0
华丰工业区北a,0
华丰工业区北b,1
华丰工业园a,-1
华丰工业园b,-1
华丰路口a,6
华丰路口b,0
华丰数码科技园,9
华富工业区,6
华富工业园a,6
华富工业园b,0
华富路①a,0
华富路①b,5
华富路②a,5
华富路②b,0
华富路③a,5
华富路③b,0
华富路④,0
华富路公交始发站①,5
华富路公交始发站②,-1
华富路公交始发站④,9
华富路公交始发站⑤,-1
华富路公交始发站⑥,5
华富路公交始发站⑧,0
华富路口,5
华富路始发站a,6
华富路始发站b,0
华富路始发站⑨,9
华富市场a,6
华富市场b,0
华港新村a,0
华港新村b,5
华翰科技,0
华翰科技总站a,9
华翰科技总站b,0
华瀚科技a,11
华瀚科技b,0
华瀚科技总站a,-1
华瀚科技总站b,0
华丽环岛a,5
华丽环岛b,0
华丽鞋厂a,-1
华丽鞋厂b,-1
华联百货a,0
华联百货b,10
华联大厦a,-1
华联大厦b,-1
华联花园a,0
华联花园b,11
华伦科技园a,-1
华伦科技园b,0
华茂苑,4
华美工业区a,0
华美工业区b,8
华美工业园a,0
华美工业园b,0
华美工业园总站a,0
华美工业园总站b,0
华美嘉配送中心a,0
华美嘉配送中心b,8
华美路口a,0
华美路口b,-1
华美路中a,0
华美路中b,-1
华南城a,8
华南城b,0
华南城北公交总站a,0
华南城北公交总站b,6
华南城北门a,8
华南城北门b,0
华南城北门公交总站,8
华南城交易中心a,8
华南城交易中心b,0
华南城金威广场a,9
华南城金威广场b,0
华南城西门a,0
华南城西门b,8
华南城西门(临时站),0
华南物流a,6
华南物流b,9
华强北地铁接驳站,5
华强北地铁接驳站(上海宾馆东),6
华强路地铁公交接驳站a,5
华强路地铁公交接驳站b,0
华强路地铁接驳站a,12
华强路地铁接驳站b,0
华强路口,5
华强南a,5
华强南b,0
华强职校a,5
华强职校b,0
华侨城湿地a,0
华侨城湿地b,11
华侨城体育中心a,0
华侨城体育中心b,9
华侨城小学a,-1
华侨城小学b,11
华侨城医院a,0
华侨城医院b,11
华侨城医院南a,11
华侨城医院南b,0
华侨城中学高中部a,11
华侨城中学高中部b,9
华侨山庄a,6
华侨山庄b,0
华侨医院a,-1
华侨医院b,0
华侨苑a,-1
华侨苑b,6
华擎科技a,2
华擎科技b,0
华荣综合市场a,6
华荣综合市场b,0
华润城公交总站a,-1
华润城公交总站b,9
华润配送中心a,8
华润配送中心b,0
华润三九a,0
华润三九b,-1
华润水泥a,9
华润水泥b,0
华润万家,-1
华润万家配送中心,8
华升学校a,3
华升学校b,0
华胜实验学校a,0
华胜实验学校b,1
华盛辉大厦a,1
华盛辉大厦b,0
华盛路口,6
华师大附中,12
华万工业园a,1
华万工业园b,0
华旺华昌工业区a,0
华旺华昌工业区b,6
华为单身公寓北a,6
华为单身公寓北b,6
华为高速路口a,6
华为高速路口b,0
华为基地a,6
华为基地b,0
华为荔枝园a,-1
华为荔枝园b,-1
华为软件中心a,0
华为软件中心b,6
华为生产中心a,0
华为生产中心b,9
华为总部a,6
华为总部b,0
华夏二路a,0
华夏二路b,10
华夏二路路口a,-1
华夏二路路口b,0
华夏园a,0
华夏园b,10
华祥科技a,0
华祥科技b,2
华新村a,5
华新村b,0
华新村公交总站a,9
华新村公交总站b,0
华新路a,0
华新路b,-1
华信商场a,0
华信商场b,-1
华星光电a,0
华星光电b,10
华兴新村a,-1
华兴新村b,9
华业玫瑰郡a,12
华业玫瑰郡b,0
华亿科技a,-1
华亿科技b,1
华忆科技a,0
华忆科技b,1
华英大厦a,0
华英大厦b,12
华源轩家具,-1
华悦路口a,-1
华悦路口b,6
华中师大附中,12
滑草场路口a,0
滑草场路口b,-1
滑草场总站a,9
滑草场总站b,0
化雨中英文学校a,0
化雨中英文学校b,2
怀德翠岗a,0
怀德翠岗b,2
怀德翠海a,0
怀德翠海b,2
怀德翠湖工业区,0
怀德村委a,2
怀德村委b,0
怀德建材街a,-1
怀德建材街b,2
怀德商贸城a,1
怀德商贸城b,0
怀德商贸城西a,2
怀德商贸城西b,-1
怀德新村,2
欢乐谷a,0
欢乐谷b,11
欢乐海岸总站a,9
欢乐海岸总站b,0
环城路路口,9
环境监测中心,9
环球公司a,0
环球公司b,10
环山路口a,8
环山路口b,-1
环宇酒店a,5
环宇酒店b,0
x吓花园a,-1
x吓花园b,9
皇岗村a,0
皇岗村b,5
皇岗村北a,0
皇岗村北b,5
皇岗公园a,0
皇岗公园b,5
皇岗口岸a,5
皇岗口岸b,5
皇岗中学a,0
皇岗中学b,5
黄贝岭a,0
黄贝岭b,5
黄贝岭村口a,-1
黄贝岭村口b,-1
黄贝岭村委a,5
黄贝岭村委b,0
黄贝岭村总站a,9
黄贝岭村总站b,-1
黄贝岭地铁站①,5
黄贝岭地铁站②,5
黄贝岭地铁站③,5
黄贝岭地铁站④,5
黄背坑路口a,-1
黄背坑路口b,8
黄峰岭工业区a,9
黄峰岭工业区b,0
黄阁翠苑a,0
黄阁翠苑b,3
黄阁翠苑北a,3
黄阁翠苑北b,0
黄阁翠苑北门a,0
黄阁翠苑北门b,12
黄阁坑市场a,0
黄阁坑市场b,3
黄阁市场,3
黄金洞a,0
黄金洞b,10
黄金山公园a,0
黄金山公园b,6
黄麻布a,1
黄麻布b,0
黄麻布总站a,0
黄麻布总站b,1
黄麻埔新村a,-1
黄麻埔新村b,6
黄泥园a,7
黄泥园b,0
黄埔村委a,2
黄埔村委b,-1
黄埔工业区a,0
黄埔工业区b,2
黄埔酒店a,2
黄埔酒店b,0
黄埔旧村a,-1
黄埔旧村b,-1
黄埔小学a,2
黄埔小学b,-1
黄埔雅苑a,0
黄埔雅苑b,5
黄埔雅苑总站a,-1
黄埔雅苑总站b,5
黄沙坑社区a,9
黄沙坑社区b,-1
黄田a,0
黄田b,1
黄田客运站a,-1
黄田客运站b,-1
黄田门诊部,-1
黄田派出所a,1
黄田派出所b,-1
黄田派出所东a,0
黄田派出所东b,1
黄田幼儿园a,-1
黄田幼儿园b,-1
黄竹村a,-1
黄竹村b,-1
晖信工业园,2
回龙埔a,3
回龙埔b,3
回龙埔村委a,0
回龙埔村委b,9
回龙埔公交总站a,0
回龙埔公交总站b,12
汇百川a,9
汇百川b,-1
汇金花园,-1
汇金家园,11
汇龙花园,9
汇龙苑,6
汇鑫花园,9
汇业科技,9
汇业科技园a,0
汇业科技园b,10
汇源豪庭a,9
汇源豪庭b,0
会展中心a,9
会展中心b,0
会展中心地铁站a,5
会展中心地铁站b,0
会展中心东,5
会展中心南a,0
会展中心南b,5
会展中心总站,-1
惠安百货a,12
惠安百货b,0
惠丰工业园a,2
惠丰工业园b,0
惠家福百货a,9
惠家福百货b,0
惠家乐超市a,0
惠家乐超市b,10
惠科工业园a,9
惠科工业园b,0
惠民广场a,-1
惠民广场b,-1
惠明盈工业园a,0
惠明盈工业园b,9
惠鑫公寓,6
惠鑫公寓①,11
惠鑫公寓②,6
惠鑫公寓③,6
惠盐高速路口a,12
惠盐高速路口b,0
惠阳车管所a,-1
惠阳车管所b,-1
惠阳工商银行a,-1
惠阳工商银行b,-1
惠阳海关a,-1
惠阳海关b,-1
惠阳检察院a,-1
惠阳检察院b,-1
惠阳汽车客运站a,-1
惠阳汽车客运站b,-1
惠阳巡警大队a,-1
惠阳巡警大队b,-1
慧明眼镜厂,-1
混凝土公司a,7
混凝土公司b,0
火车站a,5
火车站b,5
火车站337总站a,2
火车站337总站b,-1
火车站西广场a,5
火车站西广场b,0
货龙厂a,-1
货龙厂b,-1
货运市场,5
机场北a,2
机场北b,0
机场东地铁站a,2
机场东地铁站b,-1
机场东地铁站西a,1
机场东地铁站西b,0
机场东公交接驳站a,0
机场东公交接驳站b,2
机场海关a,0
机场海关b,2
机场新航站楼a,2
机场新航站楼b,0
机动训练大队a,0
机动训练大队b,0
积架宝威,-1
积美工业区a,-1
积美工业区b,4
基达厂a,-1
基达厂b,-1
吉坑村口a,6
吉坑村口b,0
吉坑路口,9
吉岭村综合楼a,6
吉岭村综合楼b,0
吉岭新村a,6
吉岭新村b,0
吉厦村a,8
吉厦村b,8
吉厦街a,0
吉厦街b,8
吉厦路口a,8
吉厦路口b,-1
吉厦早禾坑工业区a,8
吉厦早禾坑工业区b,-1
吉厦总站a,0
吉厦总站b,8
吉盛昌电子厂a,-1
吉盛昌电子厂b,9
吉盛酒店a,6
吉盛酒店b,0
吉盛酒店①,6
吉盛酒店②,6
吉溪村a,0
吉溪村b,8
吉夏村,8
吉夏街,8
吉祥地铁站a,3
吉祥地铁站b,-1
吉祥地铁站(五官科医院)a,12
吉祥地铁站(五官科医院)b,9
吉祥路南a,-1
吉祥路南b,-1
集和百货,-1
集美工业园a,2
集美工业园b,0
集荣公司,-1
集信名城a,2
集信名城b,0
集信名城幼儿园a,2
集信名城幼儿园b,-1
集银皮革市场a,-1
集银皮革市场b,9
计生中心a,0
计生中心b,5
技工学校光明校区a,0
技工学校光明校区b,10
加油站,-1
佳达百货a,-1
佳达百货b,10
佳得宝a,12
佳得宝b,-1
佳得乐商场a,-1
佳得乐商场b,-1
佳华百货a,0
佳华百货b,2
佳华百货①,-1
佳华百货②,0
佳华东,-1
佳华商场,-1
佳华天桥a,0
佳华天桥b,2
佳惠百货a,8
佳惠百货b,-1
佳嘉豪苑a,11
佳嘉豪苑b,11
佳美百货,-1
佳业达公司a,-1
佳业达公司b,10
佳怡工业园a,0
佳怡工业园b,6
佳兆业城广场,9
佳兆业城市广场a,6
佳兆业城市广场b,-1
佳兆业城市广场公交总站a,-1
佳兆业城市广场公交总站b,-1
家德马峦工业园a,0
家德马峦工业园b,7
家和花园,6
家家乐百货a,-1
家家乐百货b,9
家家乐市场a,8
家家乐市场b,-1
家具协会a,0
家具协会b,11
嘉安达科技园a,6
嘉安达科技园b,0
嘉湖路口a,0
嘉湖路口b,8
嘉华花园a,0
嘉华花园b,1
嘉辉天桥a,3
嘉辉天桥b,0
嘉丽厂a,4
嘉丽厂b,-1
嘉联商业街a,-1
嘉联商业街b,-1
嘉隆科技,9
嘉欣园a,3
嘉欣园b,-1
嘉信商场,-1
嘉义源科技园a,6
嘉义源科技园b,0
嘉源工业园a,-1
嘉源工业园b,-1
甲岸村a,0
甲岸村b,1
甲岸路口a,0
甲岸路口b,1
甲岸路口西,0
甲子塘居委会a,-1
甲子塘居委会b,9
甲子塘路口a,0
甲子塘路口b,10
假日名城a,-1
假日名城b,9
假日名居,0
价值工厂a,0
价值工厂b,0
稼先路口,6
监管中心a,-1
监管中心b,-1
监控中心a,0
监控中心b,5
兼松合利a,2
兼松合利b,0
检察院a,-1
检察院b,-1
简龙村委,-1
简龙路口a,4
简龙路口b,0
简上村a,6
简上村b,0
简上村公交站,6
简上村公交总站a,-1
简上村公交总站b,-1
简上路口北a,6
简上路口北b,0
简上塘村口北,6
简上中路,6
简一学校a,-1
简一学校b,-1
简一总站a,-1
简一总站b,-1
建安百货a,-1
建安百货b,1
建安小学a,0
建安小学b,1
建安新村a,0
建安新村b,1
建保精密a,9
建保精密b,0
建行a,1
建行b,0
建华精密,-1
建龙苑,-1
建设大厦a,0
建设大厦b,3
建设集团a,0
建设集团b,5
建设路,8
建设路总站a,0
建设路总站b,8
建设银行a,-1
建设银行b,-1
建泰轮胎厂,6
建滔化工a,10
建滔化工b,0
建韬化工a,9
建韬化工b,-1
建文小学a,12
建文小学b,-1
建文中学a,12
建文中学b,-1
建新社区a,3
建新社区b,0
建新社区东a,0
建新社区东b,3
建兴路口,-1
建艺大厦①,5
建艺大厦②,5
建溢集团a,0
建溢集团b,9
建盈工业区a,0
建盈工业区b,8
健峰厂a,8
健峰厂b,0
健马科技a,0
健马科技b,9
江边村,9
江边村委a,2
江边村委b,0
江边第三工业区a,9
江边第三工业区b,-1
江边公交总站a,0
江边公交总站b,-1
江边邮局a,-1
江边邮局b,0
江豪步行街a,10
江豪步行街b,0
江联百货a,-1
江联百货b,-1
江岭路口a,7
江岭路口b,0
江岭文化广场a,0
江岭文化广场b,7
江业百货a,0
江业百货b,12
将石a,10
将石b,0
将石公园a,-1
将石公园b,0
将石红太阳公司a,0
将石红太阳公司b,-1
将石路口a,9
将石路口b,-1
将石农商行a,9
将石农商行b,-1
将石市场a,9
将石市场b,-1
将石同富裕a,-1
将石同富裕b,0
交警燕罗扣车场a,-1
交警燕罗扣车场b,0
茭塘村a,2
茭塘村b,0
茭塘村口a,9
茭塘村口b,0
觉园新村a,-1
觉园新村b,0
教科培训中心a,1
教科培训中心b,-1
教苑总站a,-1
教苑总站b,-1
杰准公司a,12
杰准公司b,-1
捷达厂a,9
捷达厂b,0
捷和电机a,0
捷和电机b,9
捷家宝大门a,10
捷家宝大门b,-1
捷家宝总站a,-1
捷家宝总站b,10
捷坤工业区,6
戒毒所a,5
戒毒所b,0
金贝贝幼儿园a,-1
金贝贝幼儿园b,8
金碧东纵路口a,0
金碧东纵路口b,7
金碧工业园a,0
金碧工业园b,1
金碧居委,9
金成名苑a,0
金成名苑b,1
金城大厦,-1
金城大厦①a,0
金城大厦①b,8
金城大厦②a,0
金城大厦②b,5
金城名苑,9
金达花园,-1
金稻百货a,0
金稻百货b,10
金稻田路口a,5
金稻田路口b,0
金地大科技园b区a,-1
金地大科技园b区b,9
金地大科技园c区a,9
金地大科技园c区b,0
金地花园a,5
金地花园b,0
金地梅龙镇,-1
金地梅陇镇a,0
金地梅陇镇b,6
金地名峰a,12
金地名峰b,4
金地上塘道a,6
金地上塘道b,0
金地网球中心a,0
金地网球中心b,5
金地一路a,5
金地一路b,-1
金鼎盛工业园a,0
金鼎盛工业园b,6
金凤凰购物广场a,-1
金凤凰购物广场b,1
金凤凰路口,-1
金港华庭,1
金工厂a,0
金工厂b,12
金谷动力a,-1
金谷动力b,10
金光华广场a,0
金光华广场b,5
金龟村a,0
金龟村b,7
金海广家具城,-1
金海湾花园a,5
金海湾花园b,0
金海燕花园a,0
金海燕花园b,11
金豪创业园a,9
金豪创业园b,-1
金湖大厦,-1
金湖花园a,0
金湖花园b,5
金湖路东a,0
金湖路东b,5
金湖山庄a,9
金湖山庄b,-1
金湖湾园区a,6
金湖湾园区b,9
金积嘉科技园a,0
金积嘉科技园b,8
金凯悦酒店a,-1
金凯悦酒店b,-1
金联兴电子厂a,8
金联兴电子厂b,0
金龙华广场a,0
金龙华广场b,6
金牛创景路口a,7
金牛创景路口b,-1
金侨宾馆a,12
金侨宾馆b,0
金侨花园a,6
金侨花园b,0
金桥工业区a,2
金桥工业区b,0
金荣达工业园a,6
金荣达工业园b,0
金荣达科技园,-1
金荣工业园,-1
金融路口,4
金瑞中核a,0
金瑞中核b,6
金三角,-1
金色半山a,-1
金色半山b,-1
金沙村委a,-1
金沙村委b,0
金沙花园a,8
金沙花园b,0
金沙路北a,7
金沙路北b,0
金沙路南a,9
金沙路南b,-1
金沙名都a,-1
金沙名都b,9
金沙世纪城a,-1
金沙世纪城b,-1
金沙市场a,0
金沙市场b,7
金沙湾大酒店a,-1
金沙湾大酒店b,9
金沙湾旅游区,0
金沙幼儿园,9
金水桥工业区a,-1
金水桥工业区b,12
金水湾度假村a,-1
金水湾度假村b,-1
金塘工业区,4
金田百货a,0
金田百货b,9
金田学校a,-1
金田学校b,7
金湾西乡大道路口,9
金威大厦a,5
金威大厦b,5
金威啤酒厂a,0
金威啤酒厂b,1
金威啤酒街a,0
金威啤酒街b,5
金信化工a,0
金信化工b,2
金星工业区,6
金宜工业区,7
金银坑a,0
金银坑b,8
金盈新村a,6
金盈新村b,0
金庸阁a,9
金庸阁b,0
金域蓝湾a,0
金域蓝湾b,5
金源第三小区a,4
金源第三小区b,0
金至尊酒店,2
金众蓝钻,9
金众蓝钻风景a,-1
金众蓝钻风景b,12
金洲花园a,0
金洲花园b,5
金洲嘉丽园a,0
金洲嘉丽园b,6
金洲科技园,-1
金洲路口a,-1
金洲路口b,5
锦程文丰公交场站a,0
锦程文丰公交场站b,2
锦春门诊部a,-1
锦春门诊部b,-1
锦冠华城,9
锦鸿花园a,9
锦鸿花园b,0
锦龙大道路口a,0
锦龙大道路口b,12
锦龙路口a,9
锦龙路口b,0
锦龙总站a,-1
锦龙总站b,12
锦泰百货,-1
锦欣花园a,-1
锦欣花园b,1
锦绣翠竹路,0
锦绣花园a,4
锦绣花园b,-1
锦绣江南,6
锦绣江南西a,6
锦绣江南西b,0
锦绣江南西②,6
锦绣金辉路口a,0
锦绣金辉路口b,7
锦绣科学园a,-1
锦绣科学园b,0
锦绣路口a,2
锦绣路口b,0
锦绣园a,0
锦绣园b,8
锦绣中华,11
锦绣中华①,11
锦绣中华②,11
劲力集团a,0
劲力集团b,1
京湖酒店a,0
京湖酒店b,5
京南路总站a,-1
京南路总站b,-1
京鹏大厦a,5
京鹏大厦b,0
京生好百货a,0
京生好百货b,4
京宜工业区a,7
京宜工业区b,0
经济犯罪侦查局a,0
经济犯罪侦查局b,11
经济犯罪侦察局a,0
经济犯罪侦察局b,5
菁华园a,0
菁华园b,5
晶像通厂a,9
晶像通厂b,-1
兢华电子,2
精美特玻璃厂,0
精密厂a,0
精密厂b,7
精英公司a,0
精英公司b,2
精英小学a,0
精英小学b,6
景芬路口a,8
景芬路口b,0
景乐市场a,0
景乐市场b,6
景龙小学a,0
景龙小学b,11
景蜜村a,5
景蜜村b,0
景鹏大厦a,5
景鹏大厦b,0
景山实验学校,7
景顺油站a,2
景顺油站b,0
景田北a,0
景田北b,5
景田沃尔玛a,0
景田沃尔玛b,5
景田医院a,-1
景田医院b,-1
景新花园①a,0
景新花园①b,6
景新花园②a,5
景新花园②b,0
景秀中学a,5
景秀中学b,0
景秀中学西a,0
景秀中学西b,5
景亿山庄a,0
景亿山庄b,5
警备区龙华公寓a,0
警备区龙华公寓b,6
警察训练学校a,9
警察训练学校b,-1
警犬基地a,6
警犬基地b,0
警校a,11
警校b,0
径贝居委会a,1
径贝居委会b,1
径肚a,-1
径肚b,5
迳口村,-1
迳口村路口a,0
迳口村路口b,10
迳口居委,-1
迳口居委会,-1
迳口新村,-1
敬邦公司a,-1
敬邦公司b,0
敬业公司a,0
敬业公司b,2
华电子,2
九鼎厂a,7
九鼎厂b,0
九九同心工业区a,0
九九同心工业区b,9
九里香a,0
九里香b,12
九龙山花园总站a,0
九龙山花园总站b,6
九围村委a,0
九围村委b,1
九围村总站a,0
九围村总站b,1
九祥岭①a,11
九祥岭①b,0
九祥岭②a,0
九祥岭②b,11
九州家园a,-1
九州家园b,12
九州家园(九洲文具批发市场),-1
九州家园西a,12
九州家园西b,-1
九州文具批发市场,-1
九洲家园a,0
九洲家园b,3
九洲文具批发市场,9
久裕厂a,10
久裕厂b,0
居乐苑,9
巨基科技园,2
聚宝莲塘路口,9
聚宝路口a,0
聚宝路口b,5
聚龙山北门a,7
聚龙山北门b,0
聚龙山公园a,0
聚龙山公园b,7
聚龙山南路,7
崛起双语实验学校a,0
崛起双语实验学校b,1
军事管理区,8
军休二所a,9
军休二所b,11
君豪宾馆a,0
君豪宾馆b,12
君豪酒店,9
君逸华府,5
君逸华府①,5
君逸华府②,5
君逸世家a,0
君逸世家b,1
君悦龙庭a,3
君悦龙庭b,0
君子布村口a,6
君子布村口b,0
君子布市场a,6
君子布市场b,0
卡板厂a,8
卡板厂b,0
开达厂,12
开明厂,4
开屏花园a,1
开屏花园b,0
开田工业区,9
开田科技园a,8
开田科技园b,0
凯邦科技,6
凯滨新村,-1
凯丰花园a,0
凯丰花园b,5
凯丰路北,-1
凯丰码头,-1
凯嘉酒店a,0
凯嘉酒店b,9
凯丽花园a,9
凯丽花园b,-1
凯旋城a,1
凯旋城b,1
康达尔a,0
康达尔b,8
康发科技园a,6
康发科技园b,0
康佳集团,5
康佳集团①,11
康佳集团②,11
康佳集团东a,11
康佳集团东b,0
康乐花园a,4
康乐花园b,-1
康乐路口,4
康乐幼儿园a,3
康乐幼儿园b,0
康乐中英文学校a,0
康乐中英文学校b,4
康宁医院a,0
康宁医院b,5
康桥花园a,-1
康桥花园b,-1
康桥花园(临时站)a,-1
康桥花园(临时站)b,-1
康桥书院a,1
康桥书院b,0
康桥紫郡a,-1
康桥紫郡b,8
康桥紫郡(宝冠路口),-1
科彩印务,7
科彩印务西门,9
科发路a,11
科发路b,9
科丰路a,9
科丰路b,-1
科华路a,-1
科华路b,9
科技北二路a,0
科技北二路b,-1
科技创,-1
科技创景路口a,7
科技创景路口b,-1
科技路北a,-1
科技路北b,9
科技南路a,0
科技南路b,11
科技园①a,11
科技园①b,11
科技园②a,11
科技园②b,11
科技园公交总站a,-1
科技园公交总站b,-1
科技园总站a,9
科技园总站b,0
科技中一路a,11
科技中一路b,0
科利厂a,-1
科利厂b,0
科陆大厦a,0
科陆大厦b,0
科陆电子,-1
科陆工业园,12
科士达,0
科学馆,-1
科苑北a,11
科苑北b,0
科苑北环立交,11
科苑北环立交①,11
科苑北环立交②,11
科苑城路口,-1
科苑地铁站a,11
科苑地铁站b,0
科苑立交a,-1
科苑立交b,-1
科苑立交南,11
科苑南公交总站a,-1
科苑南公交总站b,-1
科苑南路口a,11
科苑南路口b,0
科展a,0
科展b,9
可园学校a,-1
可园学校b,9
可园总站a,-1
可园总站b,8
坑尾村路口a,-1
坑尾村路口b,9
坑尾村总站a,-1
坑尾村总站b,0
坑梓办事处a,7
坑梓办事处b,0
坑梓保安大队a,-1
坑梓保安大队b,7
坑梓成校a,7
坑梓成校b,0
坑梓城管办a,0
坑梓城管办b,7
坑梓大窝村总站,9
坑梓大窝总站a,0
坑梓大窝总站b,7
坑梓大新百货a,0
坑梓大新百货b,7
坑梓第二市场a,0
坑梓第二市场b,7
坑梓第三工业区a,7
坑梓第三工业区b,0
坑梓电信局,7
坑梓电信局①a,9
坑梓电信局①b,-1
坑梓法庭a,0
坑梓法庭b,7
坑梓防疫站a,7
坑梓防疫站b,0
坑梓高速路口,-1
坑梓公交总站a,0
坑梓公交总站b,7
坑梓公园a,-1
坑梓公园b,0
坑梓街道办,-1
坑梓金龙水村,-1
坑梓井水龙村a,7
坑梓井水龙村b,0
坑梓路口,-1
坑梓汽车站a,0
坑梓汽车站b,7
坑梓人民医院a,-1
坑梓人民医院b,7
坑梓沙田总站a,-1
坑梓沙田总站b,-1
坑梓市场a,0
坑梓市场b,7
坑梓影剧院a,0
坑梓影剧院b,7
坑梓中心小学a,0
坑梓中心小学b,0
空港物流a,1
空港物流b,1
空港油库a,1
空港油库b,0
口岸大队,5
口岸大楼a,-1
口岸大楼b,-1
库坑路口,9
库坑天桥,6
库坑同富裕工业区a,-1
库坑同富裕工业区b,0
库新路口,0
库新路中,0
酷派信息港a,0
酷派信息港b,11
邝屋路口,-1
葵丰社区工作站a,-1
葵丰社区工作站b,-1
葵新站a,0
葵新站b,9
葵兴小区a,0
葵兴小区b,7
葵涌办事处a,0
葵涌办事处b,-1
葵涌奔康a,7
葵涌奔康b,0
葵涌奔康西a,9
葵涌奔康西b,-1
葵涌比亚迪a,7
葵涌比亚迪b,0
葵涌村委a,-1
葵涌村委b,9
葵涌二小a,-1
葵涌二小b,-1
葵涌公园a,0
葵涌公园b,-1
葵涌古观a,9
葵涌古观b,-1
葵涌老街a,7
葵涌老街b,0
葵涌汽车站a,0
葵涌汽车站b,7
葵涌社区工作站,0
葵涌税务局a,-1
葵涌税务局b,9
葵涌文化艺术中心,7
葵涌新市场a,9
葵涌新市场b,0
葵涌医院a,9
葵涌医院b,0
葵涌邮局a,7
葵涌邮局b,0
葵涌中学a,0
葵涌中学b,7
昆仑泌尿外科医院a,0
昆仑泌尿外科医院b,1
来坐山,0
来座山a,8
来座山b,-1
莱宝高科a,-1
莱宝高科b,-1
莱尔德电子a,2
莱尔德电子b,0
兰景丹梓大道路口a,0
兰景丹梓大道路口b,7
兰水波a,12
兰水波b,9
兰水泼,12
兰水na,12
兰水nb,0
兰溪谷a,0
兰溪谷b,9
兰园a,0
兰园b,11
兰竹布南路口,-1
兰竹荔景路口a,0
兰竹荔景路口b,9
兰著学校a,-1
兰著学校b,9
蓝色海月居,4
蓝天科技园,0
蓝湾半岛a,5
蓝湾半岛b,0
朗碧路口a,0
朗碧路口b,2
朗山路口a,11
朗山路口b,0
朗山路西,11
朗山路中a,11
朗山路中b,11
朗山三号路a,-1
朗山三号路b,-1
朗下居委会a,-1
朗下居委会b,9
浪背市场,9
浪花路中,6
浪静路口a,0
浪静路口b,6
浪静路中a,-1
浪静路中b,0
浪口工业园a,9
浪口工业园b,0
浪宁路口a,0
浪宁路口b,-1
浪宁路南,9
浪宁路中,6
浪骑a,0
浪骑b,-1
浪腾路口a,0
浪腾路口b,-1
浪腾路南a,0
浪腾路南b,9
浪尾村a,7
浪尾村b,0
浪尾路口,12
浪心村委a,0
浪心村委b,10
劳动就业大厦a,-1
劳动就业大厦b,5
老办公楼a,0
老办公楼b,0
老大坑a,9
老大坑b,0
老大坑路口a,12
老大坑路口b,0
老坑工业区a,7
老坑工业区b,0
老坑社区a,7
老坑社区b,-1
老坑幼儿园a,-1
老坑幼儿园b,9
老畲村委会a,0
老畲村委会b,-1
老围村a,0
老围村b,7
老围工业区a,6
老围工业区b,0
老围新村a,12
老围新村b,-1
老屋村a,0
老屋村b,9
老旭日厂,-1
乐惠多购物广场,-1
乐惠购物广场a,0
乐惠购物广场b,-1
乐居苑a,2
乐居苑b,-1
乐康家居a,6
乐康家居b,0
乐康家具,9
乐群小学a,4
乐群小学b,0
乐荣集团a,0
乐荣集团b,2
乐荣木器玩具厂a,-1
乐荣木器玩具厂b,9
乐兴家具广场a,-1
乐兴家具广场b,7
乐知福a,4
乐知福b,0
{竹角村a,0
{竹角村b,1
梨园路a,5
梨园路b,0
梨园路东a,0
梨园路东b,5
黎光村a,6
黎光村b,-1
黎光工业区a,6
黎光工业区b,-1
黎光工业区工作站,9
黎光工业区总站a,6
黎光工业区总站b,0
黎光会所a,-1
黎光会所b,6
黎光社康中心a,6
黎光社康中心b,6
黎光社区工作站,6
礼志厂,-1
李朗国际珠宝园a,0
李朗国际珠宝园b,8
李松(屋园路口),-1
李松（屋园路口）,-1
李松公交总站a,0
李松公交总站b,10
李松公园a,2
李松公园b,0
李松路口,-1
李松小学a,0
李松小学b,10
里石排a,0
里石排b,6
理想新城a,0
理想新城b,5
鲤鱼坝工业区a,-1
鲤鱼坝工业区b,-1
鲤鱼河工业区a,-1
鲤鱼河工业区b,9
鲤鱼门地铁站a,0
鲤鱼门地铁站b,11
力嘉工业区a,4
力嘉工业区b,0
立才学校a,2
立才学校b,2
立岗路口a,0
立岗路口b,2
立山环保,-1
立新北路口a,-1
立新北路口b,-1
立新福州大道路口a,-1
立新福州大道路口b,0
丽城工业区a,-1
丽城工业区b,-1
丽岛a,0
丽岛b,11
丽都酒店,0
丽都酒店①,5
丽都酒店②,5
丽湖花园a,8
丽湖花园b,0
丽湖花园总站a,8
丽湖花园总站b,-1
丽金酒店,9
丽晶国际a,0
丽晶国际b,1
丽晶海景酒店,-1
丽晶酒店a,2
丽晶酒店b,0
丽景城a,1
丽景城b,0
丽景国际,1
丽景海景酒店,-1
丽沙花都a,2
丽沙花都b,0
丽山路北a,0
丽山路北b,11
丽山路南,11
丽水路南a,0
丽水路南b,11
利宾来a,-1
利宾来b,-1
利达园,-1
利和百货,-1
利金城工业园a,0
利金城工业园b,6
利满达制衣厂a,-1
利满达制衣厂b,-1
利民批发市场a,9
利民批发市场b,-1
利民市场a,0
利民市场b,12
利星辉电子厂a,-1
利星辉电子厂b,-1
山工业园总站,9
荔景启新路口,-1
荔景启兴路口,-1
荔山工业园,11
荔山工业园总站a,0
荔山工业园总站b,11
荔香公园a,0
荔香公园b,11
荔香公园南a,11
荔香公园南b,0
荔秀文化街a,11
荔秀文化街b,0
荔轩小学a,5
荔轩小学b,0
荔园大厦a,0
荔园大厦b,11
荔园山庄a,10
荔园山庄b,0
荔园小学a,5
荔园小学b,0
荔园小学西校区,0
荔苑新村a,-1
荔苑新村b,9
荔枝公园,-1
荔枝公园①a,5
荔枝公园①b,0
荔枝公园②a,0
荔枝公园②b,5
荔枝山a,0
荔枝山b,9
荔枝山村口,0
荔枝山路口,0
荔枝山庄,10
荔枝世界a,0
荔枝世界b,11
荔枝世界总站a,-1
荔枝世界总站b,-1
荔枝园,-1
连展厂a,7
连展厂b,0
连展科技公司a,0
连展科技公司b,7
连展科技园,-1
莲花北村①a,0
莲花北村①b,5
莲花北村②,11
莲花二村①a,0
莲花二村①b,5
莲花二村②a,5
莲花二村②b,0
莲花二村东a,-1
莲花二村东b,9
莲花山公园,5
莲花山公园①,5
莲花山公园②,5
莲花山西①a,5
莲花山西①b,0
莲花山西②a,0
莲花山西②b,5
莲花山庄a,5
莲花山庄b,0
莲花山总站a,9
莲花山总站b,0
莲花生公园①,0
莲花一村a,5
莲花一村b,0
莲花中学a,5
莲花中学b,0
莲塘a,-1
莲塘b,5
莲塘①,5
莲塘②,5
莲塘枫景,5
莲塘街道办a,5
莲塘街道办b,5
莲塘梧桐苑总站a,9
莲塘梧桐苑总站b,-1
莲塘消防中队a,5
莲塘消防中队b,0
莲塘小学,9
莲塘总站a,5
莲塘总站b,-1
联城广场a,0
联城广场b,12
联创科技园a,8
联创科技园b,0
联大工业园a,6
联大工业园b,0
联防队a,9
联防队b,-1
联合工业区a,-1
联合工业区b,0
联合广场a,5
联合广场b,0
联合市场,-1
联和工业区,12
联和市场,-1
联鸿达光电a,9
联鸿达光电b,-1
联基工业区a,-1
联基工业区b,12
联基工业区(利好工业园),9
联能工业区a,-1
联能工业区b,2
联升百货a,1
联升百货b,-1
联升购物广场a,0
联升购物广场b,1
联泰厂a,9
联泰厂b,0
联万家百货a,-1
联万家百货b,10
良安田a,8
良安田b,0
良安田村委a,8
良安田村委b,0
良安田市场a,8
良安田市场b,0
凉帽村a,0
凉帽村b,8
料坑村总站a,0
料坑村总站b,9
料坑工业区a,10
料坑工业区b,0
料坑小学a,0
料坑小学b,10
料坑新村a,0
料坑新村b,10
料坑新村南门a,10
料坑新村南门b,-1
林园小学,-1
临时站,12
临时站点a,6
临时站点b,0
灵芝公园北a,0
灵芝公园北b,1
灵芝园a,0
灵芝园b,1
灵芝园新村a,0
灵芝园新村b,1
岭澳新村a,-1
岭澳新村b,7
岭贝村,12
岭脚村a,0
岭脚村b,7
岭吓花园a,7
岭吓花园b,0
刘屋围a,0
刘屋围b,6
留仙洞a,1
留仙洞b,0
留仙洞地铁站a,11
留仙洞地铁站b,0
留仙二路公交总站a,1
留仙二路公交总站b,-1
留仙居a,-1
留仙居b,11
留仙三路a,1
留仙三路b,0
留仙学苑路口a,0
留仙学苑路口b,6
留仙一路,9
留学生创业园a,3
留学生创业园b,0
留医部①,5
留医部②a,0
留医部②b,5
流花山公园a,11
流花山公园b,-1
流塘村a,1
流塘村b,0
流塘旧村a,1
流塘旧村b,0
流塘派出所a,1
流塘派出所b,-1
流塘市场a,0
流塘市场b,1
流塘小学a,1
流塘小学b,0
六和路口a,-1
六和路口b,4
六联村路口a,-1
六联村路口b,9
六联酒店a,7
六联酒店b,0
六联社区a,3
六联社区b,0
六联小学a,3
六联小学b,0
六路东,-1
六顺厂a,-1
六顺厂b,4
六约地铁公交接驳站a,-1
六约地铁公交接驳站b,9
六约地铁接驳站a,8
六约地铁接驳站b,-1
六约地铁站a,4
六约地铁站b,0
六约社区a,4
六约社区b,0
六约新村a,9
六约新村b,0
六约新村总站a,9
六约新村总站b,-1
六约邮局a,0
六约邮局b,4
六支队礼堂,5
龙岸花园a,0
龙岸花园b,6
龙背小学,7
龙壁工业区,6
龙璧工业区a,6
龙璧工业区b,-1
龙城高级中学a,0
龙城高级中学b,0
龙城高级中学南a,12
龙城高级中学南b,-1
龙城广场a,3
龙城广场b,0
龙城广场地铁站a,3
龙城广场地铁站b,0
龙城街道办a,0
龙城街道办b,3
龙城水厂a,0
龙城水厂b,3
龙城文化产业园a,3
龙城文化产业园b,-1
龙城医院a,3
龙城医院b,0
龙城中学a,0
龙城中学b,3
龙村路口a,4
龙村路口b,0
龙达工业园a,6
龙达工业园b,0
龙大高速楼村出口,10
龙大高速楼村路口,9
龙大公明路口,9
龙东村委a,12
龙东村委b,-1
龙东公交总站a,0
龙东公交总站b,9
龙东汽车站a,7
龙东汽车站b,3
龙东社区a,0
龙东社区b,3
龙凤路口a,12
龙凤路口b,0
龙福一村a,0
龙福一村b,3
龙岗cocopark东,3
龙岗cocopark西a,3
龙岗cocopark西b,0
龙岗保安公司,9
龙岗城管局,12
龙岗城市候机楼a,-1
龙岗城市候机楼b,-1
龙岗大浪路口a,12
龙岗大浪路口b,0
龙岗党校a,0
龙岗党校b,3
龙岗二职a,-1
龙岗二职b,9
龙岗妇儿中心a,0
龙岗妇儿中心b,3
龙岗妇幼保健院a,12
龙岗妇幼保健院b,-1
龙岗高级中学a,9
龙岗高级中学b,-1
龙岗公安分局a,3
龙岗公安分局b,0
龙岗骨科医院a,12
龙岗骨科医院b,0
龙岗国税局a,0
龙岗国税局b,3
龙岗海关大厦a,3
龙岗海关大厦b,3
龙岗华兴苑a,3
龙岗华兴苑b,0
龙岗会堂a,-1
龙岗会堂b,3
龙岗交警大队a,-1
龙岗交警大队b,3
龙岗交通运输局a,3
龙岗交通运输局b,0
龙岗街道办a,0
龙岗街道办b,3
龙岗坑尾村a,9
龙岗坑尾村b,0
龙岗浪背总站a,-1
龙岗浪背总站b,12
龙岗老干中心a,-1
龙岗老干中心b,3
龙岗老街,-1
龙岗平南社,12
龙岗平南社区a,12
龙岗平南社区b,0
龙岗坪地六联a,-1
龙岗坪地六联b,-1
龙岗汽车站,-1
龙岗汽车总站a,3
龙岗汽车总站b,0
龙岗区残联a,-1
龙岗区残联b,-1
龙岗区第二人民医院a,8
龙岗区第二人民医院b,0
龙岗区防疫站a,0
龙岗区防疫站b,3
龙岗区福利院,12
龙岗区福利中心,12
龙岗区老干中心a,0
龙岗区老干中心b,3
龙岗人民医院a,0
龙岗人民医院b,3
龙岗实验学校a,9
龙岗实验学校b,12
龙岗世贸中心,-1
龙岗天安数码城a,-1
龙岗天安数码城b,3
龙岗天安数码城西a,0
龙岗天安数码城西b,3
龙岗同乐村a,12
龙岗同乐村b,-1
龙岗同乐总站a,3
龙岗同乐总站b,0
龙岗文化中心a,3
龙岗文化中心b,0
龙岗义乌总站a,9
龙岗义乌总站b,-1
龙岗邮政支局a,12
龙岗邮政支局b,0
龙岗长途客运,-1
龙岗长途客运站a,3
龙岗长途客运站b,12
龙岗嶂背总站a,-1
龙岗嶂背总站b,0
龙岗中心医院a,3
龙岗中心医院b,0
龙岗中学a,-1
龙岗中学b,0
龙岗中医院a,0
龙岗中医院b,3
龙岗中专a,0
龙岗中专b,3
龙观路口a,0
龙观路口b,6
龙光城a,7
龙光城b,0
龙光城总站a,7
龙光城总站b,0
龙光地产大厦,9
龙海花园,9
龙海家园,0
龙海家园(临时站)a,9
龙海家园(临时站)b,0
龙海家园公交总站a,0
龙海家园公交总站b,9
龙湖学校a,0
龙湖学校b,8
龙华办事处,6
龙华村a,6
龙华村b,0
龙华地税a,6
龙华地税b,0
龙华地铁站a,6
龙华地铁站b,0
龙华妇幼中心a,0
龙华妇幼中心b,6
龙华富士康a,0
龙华富士康b,6
龙华肛肠医院a,-1
龙华肛肠医院b,11
龙华工商所a,6
龙华工商所b,0
龙华公园,6
龙华国税a,0
龙华国税b,6
龙华和平工业园总站a,9
龙华和平工业园总站b,11
龙华花半里a,6
龙华花半里b,0
龙华环保所a,6
龙华环保所b,0
龙华交管所a,0
龙华交管所b,10
龙华街道办a,0
龙华街道办b,6
龙华敬老院a,6
龙华敬老院b,0
龙华汽车站a,0
龙华汽车站b,6
龙华汽车站东,6
龙华汽车站西a,6
龙华汽车站西b,0
龙华清湖小学场站a,-1
龙华清湖小学场站b,-1
龙华区办事大厅a,0
龙华区办事大厅b,6
龙华区委区政府a,-1
龙华区委区政府b,0
龙华人民医院a,6
龙华人民医院b,0
龙华社保分局a,0
龙华社保分局b,6
龙华市场a,0
龙华市场b,6
龙华市场监管局a,6
龙华市场监管局b,0
龙华天虹商场a,0
龙华天虹商场b,6
龙华同胜村总站a,-1
龙华同胜村总站b,6
龙华文化广场a,0
龙华文化广场b,6
龙华文化广场东a,0
龙华文化广场东b,9
龙华先进产业园a,0
龙华先进产业园b,9
龙华消防中队a,0
龙华消防中队b,6
龙华新区办事大厅a,0
龙华新区办事大厅b,6
龙华新区大道总站a,-1
龙华新区大道总站b,9
龙华信隆厂a,6
龙华信隆厂b,-1
龙华影剧院,9
龙华邮电局a,6
龙华邮电局b,0
龙华邮政局,0
龙华玉龙新村a,-1
龙华玉龙新村b,6
龙华中心医院①a,0
龙华中心医院①b,6
龙华中心医院②,6
龙华中学,6
龙华自来水公司a,6
龙华自来水公司b,0
龙华总站a,7
龙华总站b,0
龙辉花园①a,0
龙辉花园①b,11
龙辉花园②a,0
龙辉花园②b,11
龙佳百货a,0
龙佳百货b,12
龙井北路a,11
龙井北路b,0
龙井工业区a,0
龙井工业区b,11
龙井路口a,11
龙井路口b,-1
龙景花园a,-1
龙景花园b,-1
龙军花园a,0
龙军花园b,9
龙z印刷工业园a,0
龙z印刷工业园b,2
龙岭南路口a,0
龙岭南路口b,12
龙南路口a,0
龙南路口b,9
龙平路口a,0
龙平路口b,12
龙岐a,-1
龙岐b,9
龙侨华工业园,0
龙侨华公司,-1
龙泉工业区a,6
龙泉工业区b,0
龙泉酒店a,0
龙泉酒店b,6
龙泉体育馆a,-1
龙泉体育馆b,10
龙瑞佳园a,-1
龙瑞佳园b,-1
龙山工业区a,-1
龙山工业区b,9
龙山路口a,7
龙山路口b,0
龙山一路,-1
龙山永久墓园a,-1
龙山永久墓园b,12
龙胜村a,0
龙胜村b,6
龙胜村委a,6
龙胜村委b,0
龙胜大厦,0
龙胜地铁站a,0
龙胜地铁站b,6
龙胜地铁站东a,0
龙胜地铁站东b,6
龙胜公园a,0
龙胜公园b,6
龙胜国税,6
龙胜市场a,6
龙胜市场b,0
龙潭公园a,12
龙潭公园b,-1
龙塘a,5
龙塘b,0
龙塘酒店a,0
龙塘酒店b,6
龙塘新村a,6
龙塘新村b,-1
龙塘新村西a,-1
龙塘新村西b,6
龙腾堡a,9
龙腾堡b,-1
龙腾路口,-1
龙腾社区,-1
龙田警务室a,7
龙田警务室b,0
龙田路口a,7
龙田路口b,0
龙田小学a,7
龙田小学b,0
龙田住宅区a,7
龙田住宅区b,0
龙湾乌石路口a,7
龙湾乌石路口b,0
龙王古庙a,0
龙王古庙b,2
龙王古庙北a,-1
龙王古庙北b,-1
龙王庙a,-1
龙王庙b,0
龙窝路口a,0
龙窝路口b,7
龙西村委a,0
龙西村委b,12
龙西公交场站a,9
龙西公交场站b,-1
龙西公交总站a,3
龙西公交总站b,0
龙西路口a,0
龙西路口b,12
龙西桥a,12
龙西桥b,0
龙西市场路口a,12
龙西市场路口b,-1
龙西五联路a,12
龙西五联路b,-1
龙西幼儿园a,12
龙西幼儿园b,0
龙西总站,-1
龙溪a,12
龙溪b,-1
龙翔山庄a,0
龙翔山庄b,2
龙翔兴公司a,7
龙翔兴公司b,-1
龙新派出所a,12
龙新派出所b,0
龙新社区工作站a,-1
龙新社区工作站b,0
龙兴街a,3
龙兴街b,0
龙兴联泰a,3
龙兴联泰b,0
龙兴路口a,4
龙兴路口b,-1
龙园公园a,-1
龙园公园b,0
龙园路口a,0
龙园路口b,12
龙园印象,12
龙苑宾馆a,-1
龙苑宾馆b,-1
龙苑西路a,0
龙苑西路b,9
龙悦居a,0
龙悦居b,11
龙悦居二期,5
龙悦居公交总站a,-1
龙悦居公交总站b,6
龙悦居三期a,0
龙悦居三期b,11
龙悦居四期a,5
龙悦居四期b,0
龙运通龙岗客运站a,12
龙运通龙岗客运站b,-1
龙运通平湖客运站,-1
龙运通平客运站,8
龙洲百货a,-1
龙洲百货b,9
龙洲学校a,12
龙洲学校b,0
龙珠花园,8
龙珠花园①,8
龙珠花园②,8
龙珠花园③,8
龙珠花园后门a,-1
龙珠花园后门b,8
龙珠七路,0
龙珠四路a,11
龙珠四路b,0
龙珠四路口,9
龙珠医院a,0
龙珠医院b,0
龙珠幼儿园,9
隆大工业园a,10
隆大工业园b,0
隆基广场a,-1
隆基广场b,-1
隆平路口,-1
隆仁大厦,-1
隆盛花园a,9
隆盛花园b,0
楼村广场,10
楼村居委会a,10
楼村居委会b,0
楼村路口a,10
楼村路口b,0
楼村派出所a,-1
楼村派出所b,10
楼村小学a,10
楼村小学b,-1
楼村新村a,0
楼村新村b,10
楼村一工业区a,10
楼村一工业区b,0
楼岗大洋工业区,0
楼岗社区a,0
楼岗社区b,2
楼角村a,0
楼角村b,-1
楼吓村大门,-1
楼吓村球场,-1
楼吓大门,12
卢屋村a,7
卢屋村b,0
卢屋社区a,-1
卢屋社区b,9
卢屋一巷,7
鲁班大厦,5
鲁班大厦①,9
鲁班大厦②,5
鹿丹村a,5
鹿丹村b,0
鹿丹村总站a,0
鹿丹村总站b,9
麓园总站a,0
麓园总站b,9
罗芳耕作口a,5
罗芳耕作口b,0
罗芳南路a,5
罗芳南路b,0
罗芳三岔河a,5
罗芳三岔河b,0
罗芳小学a,0
罗芳小学b,5
罗芳新秀路口a,5
罗芳新秀路口b,-1
罗芳中学a,5
罗芳中学b,0
罗岗居委会a,8
罗岗居委会b,5
罗岗派出所a,-1
罗岗派出所b,8
罗庚村a,9
罗庚村b,0
罗湖村a,5
罗湖村b,0
罗湖党校a,0
罗湖党校b,5
罗湖妇幼保健院a,5
罗湖妇幼保健院b,5
罗湖公安分局,5
罗湖交警大队,5
罗湖客运站东a,5
罗湖客运站东b,0
罗湖区委a,0
罗湖区委b,5
罗湖人才大厦,9
罗湖人才市场a,0
罗湖人才市场b,5
罗湖体委,5
罗湖体育馆,-1
罗湖体育馆①a,0
罗湖体育馆①b,5
罗湖体育馆②a,0
罗湖体育馆②b,5
罗湖体育馆南门,9
罗湖体院馆①,5
罗湖小学a,0
罗湖小学b,5
罗湖小学站,9
罗湖医院a,0
罗湖医院b,5
罗瑞合社区a,12
罗瑞合社区b,0
罗山工业区a,-1
罗山工业区b,9
罗山水库a,-1
罗山水库b,-1
罗田第三工业区a,0
罗田第三工业区b,10
罗田公交总站a,-1
罗田公交总站b,0
罗田路口,9
罗田社区总站a,0
罗田社区总站b,-1
罗田市场a,0
罗田市场b,10
罗田水厂a,-1
罗田水厂b,-1
罗屋围村,6
罗屋围村口a,6
罗屋围村口b,-1
罗屋围村委a,6
罗屋围村委b,0
罗屋围总站a,6
罗屋围总站b,0
罗租村委a,-1
罗租村委b,10
罗租社区a,0
罗租社区b,10
罗租下新村,-1
螺岭a,5
螺岭b,0
绿景山庄a,0
绿景山庄b,5
妈湾发电厂,9
妈湾油库,9
麻布新村a,10
麻布新村b,0
麻kan村口a,11
麻kan村口b,0
麻kan村市场a,11
麻kan村市场b,-1
麻kan村幼儿园,-1
麻kan幼儿园a,10
麻kan幼儿园b,-1
马安岭村,0
马安山地铁站a,0
马安山地铁站b,2
马鞍岭村a,7
马鞍岭村b,-1
马鞍山,2
马鞍山地铁站,2
马峦居委a,7
马峦居委b,0
马峦山郊区公园a,-1
马峦山郊区公园b,-1
马峦山郊野公园a,0
马峦山郊野公园b,7
马山头a,0
马山头b,10
马山头第三工业区a,-1
马山头第三工业区b,0
马山头路口a,0
马山头路口b,-1
马山头市场a,-1
马山头市场b,-1
马山头总站a,0
马山头总站b,-1
马上头,-1
马上头总站,10
马塘村a,-1
马塘村b,-1
马田a,10
马田b,0
马田村路口a,0
马田村路口b,10
马田公交总站,-1
马田农商行a,10
马田农商行b,-1
马头山a,-1
马头山b,0
马头山总站,10
码头桥a,0
码头桥b,2
麦克维尔公司,8
满京华艺象a,0
满京华艺象b,-1
满京华总站a,0
满京华总站b,12
曼海宁花园a,6
曼海宁花园b,0
曼海宁花园北a,6
曼海宁花园北b,0
茅洲河工业区a,-1
茅洲河工业区b,-1
茂盛公园,4
玫瑰海岸a,0
玫瑰海岸b,-1
玫瑰园a,11
玫瑰园b,0
梅坳五路,0
梅东五路,-1
梅观雪岗桥底a,0
梅观雪岗桥底b,6
梅花山庄a,6
梅花山庄b,0
梅华路东a,5
梅华路东b,-1
梅林坳驿站a,-1
梅林坳驿站b,9
梅林二村a,5
梅林二村b,0
梅林二村南a,0
梅林二村南b,5
梅林阁a,11
梅林阁b,0
梅林公园,0
梅林街道办a,5
梅林街道办b,0
梅林联检站a,-1
梅林联检站b,-1
梅林农批市场,5
梅林三村a,5
梅林三村b,0
梅林三村东a,0
梅林三村东b,5
梅林一村,5
梅林一村①,11
梅林一村②,-1
梅林一村总站a,0
梅林一村总站b,5
梅林中学a,5
梅林中学b,0
梅林总站a,-1
梅林总站b,-1
梅龙路公交站a,6
梅龙路公交站b,0
梅龙路公交总站a,9
梅龙路公交总站b,9
梅龙路口a,0
梅龙路口b,6
梅龙天桥a,6
梅龙天桥b,0
梅沙街道办a,0
梅沙街道办b,4
梅沙街道办①,4
梅沙街道办②,4
梅沙街道办③,4
梅沙医院a,4
梅沙医院b,0
梅山苑,5
梅山苑(福田农批市场),-1
梅山中学a,5
梅山中学b,-1
梅园路①a,5
梅园路①b,0
煤气站a,5
煤气站b,0
美宝工业园,0
美家福百货a,-1
美家福百货b,9
美景花园a,0
美景花园b,10
美丽365花园a,0
美丽365花园b,6
美丽365花园后门a,-1
美丽365花园后门b,6
美丽365花园西门a,6
美丽365花园西门b,-1
美庐锦园a,-1
美庐锦园b,11
美墅蓝山家园,11
美希美工业园a,2
美希美工业园b,0
美希美工业园①,-1
美祥顺a,2
美祥顺b,2
美信佳百货a,12
美信佳百货b,0
美亚实业,-1
美益肉联厂a,0
美益肉联厂b,0
美盈森a,0
美盈森b,-1
美泽百货,9
门诊部①a,0
门诊部①b,5
门诊部②a,5
门诊部②b,5
棉山路口,9
庙溪新村a,0
庙溪新村b,6
庙溪一市场a,0
庙溪一市场b,6
民爱科技a,-1
民爱科技b,-1
民宝路中a,0
民宝路中b,6
民达厂a,-1
民达厂b,-1
民康路口a,6
民康路口b,0
民乐地铁公交接驳站a,6
民乐地铁公交接驳站b,0
民乐地铁接驳站a,0
民乐地铁接驳站b,6
民乐地铁站a,6
民乐地铁站b,0
民乐地铁站①a,5
民乐地铁站①b,6
民乐地铁站②a,5
民乐地铁站②b,0
民乐地铁站③a,0
民乐地铁站③b,5
民乐地铁站④,6
民乐地铁站⑤,6
民乐福a,7
民乐福b,-1
民乐福商场a,7
民乐福商场b,0
民联购物广场a,9
民联购物广场b,-1
民联广场a,-1
民联广场b,10
民润百货a,12
民润百货b,0
民田公交总站a,-1
民田公交总站b,9
民田路公交总站a,-1
民田路公交总站b,9
民田路中,5
民田路总站a,0
民田路总站b,9
民兴路口a,0
民兴路口b,6
民治二小a,0
民治二小b,6
民治花场a,0
民治花场b,6
民治民塘路总站a,0
民治民塘路总站b,9
民治邮局a,-1
民治邮局b,6
民治樟坑总站a,-1
民治樟坑总站b,-1
民治中学南a,9
民治中学南b,-1
民主村委a,0
民主村委b,2
民主新村a,-1
民主新村b,2
敏华厂a,-1
敏华厂b,0
敏俊捷印刷,-1
名人假期a,0
名人假期b,-1
名人居家具厂a,-1
名人居家具厂b,-1
名星学校,-1
明德学校,-1
明峰大厦a,9
明峰大厦b,0
明锋大厦a,-1
明锋大厦b,9
明湖公园a,-1
明湖公园b,0
明华电子厂a,9
明华电子厂b,-1
明华中心a,0
明华中心b,0
明辉厂a,6
明辉厂b,-1
明辉工业园a,8
明辉工业园b,0
明坤达工艺品,6
明士达公司a,2
明士达公司b,0
明珠花园a,4
明珠花园b,4
明珠商务大厦a,6
明珠商务大厦b,0
明珠市场a,0
明珠市场b,2
明珠学校,5
茗萃园,0
茗翠园a,0
茗翠园b,8
铭可达物流园a,0
铭可达物流园b,6
摩尔城a,0
摩尔城b,12
木墩哭临时站①,-1
木墩临时站①,9
木棉市场a,0
木棉市场b,9
木棉湾地铁站,8
木棉湾地铁站①a,8
木棉湾地铁站①b,0
木棉湾地铁站②a,8
木棉湾地铁站②b,0
木棉湾小学a,0
木棉湾小学b,0
木棉湾总站a,-1
木棉湾总站b,8
木头龙a,0
木头龙b,5
牧云溪谷总站a,-1
牧云溪谷总站b,-1
南岸村a,3
南岸村b,0
南澳供电所a,0
南澳供电所b,9
南澳街道办a,7
南澳街道办b,0
南澳水产市场a,7
南澳水产市场b,0
南澳杨梅坑a,-1
南澳杨梅坑b,0
南澳洋畴湾a,-1
南澳洋畴湾b,-1
南澳医院a,-1
南澳医院b,9
南澳中学北门,0
南边灶新村a,0
南边灶新村b,7
南玻大厦a,9
南玻大厦b,0
南玻集团,2
南布社区a,9
南布社区b,-1
南布总站a,0
南布总站b,7
南昌第一工业区a,1
南昌第一工业区b,-1
南昌工业园,9
南大福,9
南大富a,6
南大富b,0
南洞村口a,2
南洞村口b,0
南方科技大学a,11
南方科技大学b,0
南凤派出所a,-1
南凤派出所b,-1
南岗工业区a,10
南岗工业区b,0
南海东滨路口,11
南海粮食a,0
南海粮食b,9
南海玫瑰园,9
南海玫瑰园东a,11
南海玫瑰园东b,11
南海玫瑰园西a,11
南海玫瑰园西b,0
南海塑料a,0
南海塑料b,6
南海油脂,9
南海中学a,9
南海中学b,9
南航公司a,0
南航公司b,11
南航基地a,0
南航基地b,-1
南湖工业区a,7
南湖工业区b,-1
南坑村a,0
南坑村b,6
南连地铁站,-1
南联村委a,0
南联村委b,12
南联地铁站a,12
南联地铁站b,0
南联第五工业区,12
南联路口a,12
南联路口b,0
南联鹏达花园,-1
南联水口村a,12
南联水口村b,0
南联天桥a,0
南联天桥b,3
南联新一佳a,3
南联新一佳b,0
南联学校a,12
南联学校b,0
南联学校南a,-1
南联学校南b,12
南联夜市a,3
南联夜市b,0
南岭村a,8
南岭村b,8
南岭村(临时站),8
南岭村委a,5
南岭村委b,0
南岭花园a,5
南岭花园b,0
南岭花园总站,5
南岭酒店a,2
南岭酒店b,0
南岭人民医院,8
南隆社区,9
南隆社区东,-1
南贸市场a,0
南贸市场b,11
南门一坊a,0
南门一坊b,11
南沙派出所a,2
南沙派出所b,0
南沙派出所西a,2
南沙派出所西b,0
南山残联a,11
南山残联b,0
南山村a,11
南山村b,0
南山村北a,11
南山村北b,0
南山村西a,0
南山村西b,11
南山党校a,11
南山党校b,0
南山地税分局a,-1
南山地税分局b,-1
南山第二实验学校a,0
南山第二实验学校b,11
南山福利中心a,0
南山福利中心b,1
南山妇幼保健院a,0
南山妇幼保健院b,11
南山公安分局a,11
南山公安分局b,0
南山公司a,0
南山公司b,11
南山供电局a,9
南山供电局b,-1
南山花园a,11
南山花园b,0
南山欢乐颂a,0
南山欢乐颂b,11
南山垃圾发电厂,0
南山农批市场a,11
南山农批市场b,0
南山派出所西,9
南山汽车站,9
南山区委a,11
南山区委b,11
南山设计产业园a,11
南山设计产业园b,0
南山市场a,11
南山市场b,0
南山文化中心a,0
南山文化中心b,11
南山文体中心a,0
南山文体中心b,11
南山邮局a,0
南山邮局b,11
南山智园a,1
南山智园b,0
南山智园北a,0
南山智园北b,11
南山中心区a,-1
南山中心区b,11
南山中心区总站a,0
南山中心区总站b,11
南山中英文学校a,0
南山中英文学校b,11
南社村口a,9
南社村口b,-1
南水工业区a,-1
南水工业区b,0
南头①a,-1
南头①b,11
南头②a,1
南头②b,0
南头火车西站a,11
南头火车西站b,0
南头青青世界a,11
南头青青世界b,0
南头小关a,-1
南头小关b,1
南头小关(常富楼)a,1
南头小关(常富楼)b,0
南头总站a,0
南头总站b,11
南外学校高新分部a,-1
南外学校高新分部b,11
南湾街道办a,8
南湾街道办b,8
南湾人民医院a,8
南湾人民医院b,0
南湾沙塘布总站a,-1
南湾沙塘布总站b,8
南威中心花园a,8
南威中心花园b,0
南贤广场a,6
南贤广场b,0
南新深南立交②,11
南新深南天桥①a,1
南新深南天桥①b,0
南新深南天桥②a,0
南新深南天桥②b,11
南兴工业区a,0
南兴工业区b,6
南医大深圳医院a,-1
南医大深圳医院b,-1
南油大厦,11
南油大厦①,11
南油大厦②,11
南园村a,0
南园村b,11
南园村东a,11
南园村东b,0
南园学校a,0
南园学校b,9
南园学校(临时站),-1
南园中a,5
南园中b,5
南园综合大楼,11
南源新村a,0
南源新村b,6
南约广场a,12
南约广场b,0
南约警务室a,0
南约警务室b,12
南约社康中心a,-1
南约社康中心b,0
南庄村口a,0
南庄村口b,10
南庄新村a,0
南庄新村b,10
内环路路口,9
泥岗村①a,0
泥岗村①b,5
泥岗村②,6
泥岗村北a,5
泥岗村北b,0
泥岗村牌坊,8
泥岗桥a,-1
泥岗桥b,8
泥岗西a,5
泥岗西b,0
泥头咀a,0
泥头咀b,6
年丰村a,0
年丰村b,12
宁水花园a,-1
宁水花园b,5
宁水花园总站a,5
宁水花园总站b,-1
牛成村(临时站),-1
牛成村村口,9
牛成村路口,9
牛成村总站a,11
牛成村总站b,-1
牛城村a,1
牛城村b,0
牛地埔a,0
牛地埔b,6
牛轭岭新村a,0
牛轭岭新村b,6
牛湖车队总站a,6
牛湖车队总站b,0
牛湖车队总站停车场a,-1
牛湖车队总站停车场b,0
牛湖村委a,-1
牛湖村委b,9
牛湖老村路口,6
牛湖农贸市场a,-1
牛湖农贸市场b,6
牛湖石二村a,0
牛湖石二村b,9
牛湖石二村总站a,0
牛湖石二村总站b,9
牛湖市场a,6
牛湖市场b,-1
牛湖收费站a,0
牛湖收费站b,6
牛湖水厂,6
牛湖总站a,6
牛湖总站b,-1
牛角龙a,0
牛角龙b,7
牛角龙社区,7
牛角龙中转站a,0
牛角龙中转站b,12
牛栏前a,0
牛栏前b,6
牛栏前商业街a,0
牛栏前商业街b,-1
牛栏前市场a,6
牛栏前市场b,0
牛眠岭村桥头a,12
牛眠岭村桥头b,-1
牛眠岭桥头a,-1
牛眠岭桥头b,-1
牛始埔居民小组a,4
牛始埔居民小组b,0
牛始埔社居民小组,4
牛始埔新村a,0
牛始埔新村b,4
牛始埔总站a,4
牛始埔总站b,-1
农科中心公交总站a,0
农科中心公交总站b,0
农牧公司a,7
农牧公司b,0
农批市场②a,-1
农批市场②b,-1
农业科技园a,9
农业科技园b,0
农业银行,-1
农园路a,-1
农园路b,9
诺铂广场a,0
诺铂广场b,1
诺铂广场①,1
欧达可a,-1
欧达可b,9
欧帝厂a,12
欧帝厂b,0
欧景城a,3
欧景城b,0
欧景花园a,0
欧景花园b,12
欧陆集团a,10
欧陆集团b,-1
欧姆龙a,0
欧姆龙b,7
欧意轩花园a,0
欧意轩花园b,12
欧洲城a,-1
欧洲城b,11
欧洲城东a,11
欧洲城东b,0
欧洲城总站a,9
欧洲城总站b,-1
排榜市场a,-1
排榜市场b,4
排榜新村a,-1
排榜新村b,-1
排坊派出所a,-1
排坊派出所b,-1
排坊汽车站a,-1
排坊汽车站b,-1
排坊又一村a,-1
排坊又一村b,-1
排沙围小区a,-1
排沙围小区b,-1
派出所a,10
派出所b,0
盘古石a,7
盘古石b,0
畔山花园a,5
畔山花园b,0
培英文武学校a,0
培英文武学校b,0
培英学校,-1
鹏城变电站a,0
鹏城变电站b,6
鹏城老人中心a,-1
鹏城老人中心b,-1
鹏城桥a,0
鹏城桥b,-1
鹏城水厂a,-1
鹏城水厂b,9
鹏程花园,-1
鹏达花园南门a,3
鹏达花园南门b,-1
鹏达路口a,0
鹏达路口b,12
鹏达学校a,0
鹏达学校b,12
鹏辉达工业园,0
鹏基工业区,5
鹏基工业区①,5
鹏基工业区②,5
鹏联佳科技园a,0
鹏联佳科技园b,9
鹏通物流,2
鹏通物流园,9
鹏兴花园六期,5
平安大道总站a,-1
平安大道总站b,-1
平安大厦①a,-1
平安大厦①b,5
平安大厦②,5
平板显示园,10
平冈中学a,3
平冈中学b,12
平湖大草埔总站a,-1
平湖大草埔总站b,-1
平湖鹅公岭a,-1
平湖鹅公岭b,-1
平湖凤凰新村a,8
平湖凤凰新村b,0
平湖辅城坳总站a,8
平湖辅城坳总站b,0
平湖辅城拗总站,-1
平湖广场a,0
平湖广场b,3
平湖广场西a,8
平湖广场西b,0
平湖华南城总站a,9
平湖华南城总站b,0
平湖火车站a,8
平湖火车站b,0
平湖龙洲百货a,0
平湖龙洲百货b,8
平湖派出所a,8
平湖派出所b,0
平湖汽车站a,-1
平湖汽车站b,-1
平湖任屋村总站a,0
平湖任屋村总站b,9
平湖山厦村a,8
平湖山厦村b,-1
平湖山厦市场a,-1
平湖山厦市场b,-1
平湖市场a,8
平湖市场b,0
平湖水厂,-1
平湖体育中心a,0
平湖体育中心b,8
平湖外国语学校a,9
平湖外国语学校b,0
平湖新围仔a,0
平湖新围仔b,8
平湖中心小学a,0
平湖中心小学b,8
平峦山公交总站a,-1
平峦山公交总站b,0
平峦山公园a,0
平峦山公园b,1
平峦山公园总站,9
平山村南a,11
平山村南b,0
平山一路路口a,11
平山一路路口b,0
平田精密,-1
平田精密厂,-1
坪地第一小学a,0
坪地第一小学b,-1
坪地发方村a,8
坪地发方村b,-1
坪地法庭a,12
坪地法庭b,0
坪地街道办a,3
坪地街道办b,0
坪地刘屋村a,3
坪地刘屋村b,0
坪地六联a,0
坪地六联b,-1
坪地六联(汇源工业区)a,9
坪地六联(汇源工业区)b,0
坪地牛眠岭总站a,-1
坪地牛眠岭总站b,3
坪地派出所a,-1
坪地派出所b,12
坪地汽车站a,-1
坪地汽车站b,12
坪地汽车站总站a,-1
坪地汽车站总站b,0
坪地人民医院a,3
坪地人民医院b,0
坪地同兴厂a,-1
坪地同兴厂b,-1
坪地同兴厂总站a,0
坪地同兴厂总站b,-1
坪地同兴工业区a,-1
坪地同兴工业区b,12
坪地文化宫a,3
坪地文化宫b,0
坪地消防中队,-1
坪地中学a,3
坪地中学b,0
坪地中学东a,0
坪地中学东b,3
坪东村委a,0
坪东村委b,3
坪东工业区a,3
坪东工业区b,0
坪东路口a,12
坪东路口b,0
坪东小学a,12
坪东小学b,0
坪环酒楼a,-1
坪环酒楼b,-1
坪环路口,-1
坪环汽车站,-1
坪环学校a,0
坪环学校b,-1
坪山办事处,7
坪山比亚迪a,9
坪山比亚迪b,-1
坪山碧岭公交总站a,0
坪山碧岭公交总站b,0
坪山昌红,-1
坪山昌红总站,0
坪山赤坳总站a,0
坪山赤坳总站b,7
坪山电子城a,0
坪山电子城b,7
坪山电子城①a,0
坪山电子城①b,7
坪山电子城②a,7
坪山电子城②b,0
坪山电子秤,-1
坪山东门小学,9
坪山东山小学,-1
坪山二小a,0
坪山二小b,7
坪山房产服务厅a,-1
坪山房产服务厅b,9
坪山妇幼a,7
坪山妇幼b,0
坪山高级中学a,0
坪山高级中学b,7
坪山公安分局①a,0
坪山公安分局①b,7
坪山公安分局②a,-1
坪山公安分局②b,0
坪山公交总站a,7
坪山公交总站b,-1
坪山公园a,7
坪山公园b,7
坪山广场a,0
坪山广场b,7
坪山国惠康a,7
坪山国惠康b,0
坪山国土局a,-1
坪山国土局b,-1
坪山河湿地公园a,-1
坪山河湿地公园b,0
坪山火车站a,7
坪山火车站b,0
坪山火车站南广场a,7
坪山火车站南广场b,0
坪山火车站总站a,0
坪山火车站总站b,7
坪山建设银行a,0
坪山建设银行b,7
坪山交通运输局a,3
坪山交通运输局b,0
坪山街道办a,0
坪山街道办b,7
坪山墓园a,9
坪山墓园b,-1
坪山批发市场a,7
坪山批发市场b,0
坪山汽车站a,9
坪山汽车站b,7
坪山区委区政府a,9
坪山区委区政府b,-1
坪山人民医院a,7
坪山人民医院b,0
坪山水厂a,7
坪山水厂b,0
坪山体育馆,-1
坪山体育馆①a,0
坪山体育馆①b,7
坪山体育馆②a,0
坪山体育馆②b,-1
坪山天虹,-1
坪山天虹商场,9
坪山天虹商场(振环路南)a,9
坪山天虹商场(振环路南)b,0
坪山天虹商场(振环南路),7
坪山田头总站a,-1
坪山田头总站b,-1
坪山图书馆a,0
坪山图书馆b,7
坪山外国语学校a,0
坪山外国语学校b,7
坪山外语学校,7
坪山万科总站a,-1
坪山万科总站b,7
坪山新和村a,7
坪山新和村b,0
坪山新区管委会a,0
坪山新区管委会b,7
坪山新区广场a,-1
坪山新区广场b,-1
坪山新区中医院a,9
坪山新区中医院b,0
坪山银和小区a,-1
坪山银和小区b,0
坪山中心广场a,0
坪山中心广场b,7
坪山中心小学a,0
坪山中心小学b,7
坪山中学a,7
坪山中学b,-1
坪山中学小学,-1
坪山中医院a,0
坪山中医院b,7
坪山竹坑总站,7
坪西村天桥a,0
坪西村天桥b,3
坪西村委a,12
坪西村委b,0
坪西路口a,3
坪西路口b,0
坪西南路口a,0
坪西南路口b,12
坪西市场a,0
坪西市场b,12
坪洲百货a,3
坪洲百货b,0
坪洲地铁站a,1
坪洲地铁站b,0
坪洲新村a,0
坪洲新村b,0
苹果园a,6
苹果园b,6
莆心湖居委会a,-1
莆心湖居委会b,-1
莆心湖市场a,-1
莆心湖市场b,-1
浦龙工业区a,-1
浦龙工业区b,-1
普城厂a,9
普城厂b,-1
普联科技二期,0
普联科技园a,9
普联科技园b,-1
普威广场a,1
普威广场b,0
七彩人生a,0
七彩人生b,3
七星湾路口a,0
七星湾路口b,-1
七支队宿舍a,9
七支队宿舍b,-1
齐明别墅a,-1
齐明别墅b,9
岐岭老人中心,-1
奇丽田公司,10
奇利田公司,10
淇n厂a,9
淇n厂b,-1
旗峰科技园a,-1
旗峰科技园b,-1
麒麟工业区a,-1
麒麟工业区b,-1
麒麟花园a,11
麒麟花园b,0
麒麟山疗养院a,11
麒麟山疗养院b,-1
麒麟山庄接待处a,11
麒麟山庄接待处b,0
麒麟天桥a,0
麒麟天桥b,2
麒麟小学a,11
麒麟小学b,-1
企坪村a,-1
企坪村b,6
企坪村路口a,-1
企坪村路口b,-1
启航步行街a,0
启航步行街b,-1
启六荔景路口a,-1
启六荔景路口b,-1
启六路东,0
启隆路口a,-1
启隆路口b,7
启五路口a,-1
启五路口b,0
启英学校a,8
启英学校b,0
仟惠百货a,3
仟惠百货b,0
前海合作区a,0
前海合作区b,0
前海合作区总站a,0
前海合作区总站b,0
前海花园,11
前海湾花园a,-1
前海湾花园b,-1
前海兴海路口a,0
前海兴海路口b,11
前海沿海路口,0
前海沿湖路口a,0
前海沿湖路口b,11
前进公社,9
前进同安路口a,11
前进同安路口b,-1
钱排村a,0
钱排村b,8
潜龙花园a,6
潜龙花园b,0
潜龙花园(高峰线站)a,-1
潜龙花园(高峰线站)b,-1
潜龙湾a,0
潜龙湾b,9
潜龙学校a,0
潜龙学校b,6
茜坑公交总站a,0
茜坑公交总站b,6
茜坑老村综合市场a,0
茜坑老村综合市场b,6
茜坑老村总站a,0
茜坑老村总站b,6
茜坑新村公交总站,6
茜坑新村路口a,6
茜坑新村路口b,0
茜坑新村总站,6
羌下桥村,0
羌下市场a,9
羌下市场b,0
羌下收费站a,0
羌下收费站b,0
羌下治安亭,-1
羌下总站,-1
强荣东总站a,-1
强荣东总站b,1
侨安科技工业园,-1
侨安科技园a,0
侨安科技园b,6
侨城北公交车场,9
侨城东路口,11
侨城东路口①,11
侨城东总站a,-1
侨城东总站b,-1
侨城馨苑a,11
侨城馨苑b,-1
侨社城市候机楼a,-1
侨社城市候机楼b,-1
侨香村a,11
侨香村b,0
侨香三道南a,-1
侨香三道南b,5
侨香深云路口,11
侨香外国语学校,9
侨香香山西路口a,0
侨香香山西路口b,-1
桥背村a,0
桥背村b,12
桥南a,2
桥南b,-1
桥头a,2
桥头b,-1
桥头村委a,-1
桥头村委b,-1
桥头地铁站a,2
桥头地铁站b,0
桥头地铁站①a,-1
桥头地铁站①b,-1
桥头鸿德园a,0
桥头鸿德园b,2
桥头民联a,0
桥头民联b,2
桥头市场a,2
桥头市场b,0
桥头综合场站a,9
桥头综合场站b,-1
沁园公园,9
青湖山庄a,0
青湖山庄b,5
青兰二路北a,0
青兰二路北b,7
青兰二路南a,7
青兰二路南b,0
青年路口a,0
青年路口b,2
青年学院,9
青青家园a,8
青青家园b,0
青青路口,-1
青青世界a,0
青青世界b,11
青松萃景路口,0
青松翠景路口a,0
青松翠景路口b,7
青松东路,0
青松兰景路口a,0
青松兰景路口b,7
青松路口a,0
青松路口b,0
青松西路东,7
青梧路a,9
青梧路b,0
清风总站a,9
清风总站b,-1
清湖产业园总站a,-1
清湖产业园总站b,6
清湖产业园总站(宝能科技园北),9
清湖地铁接驳站,-1
清湖地铁站a,0
清湖地铁站b,6
清湖地铁站接驳站,-1
清湖地铁站总站,-1
清湖老村a,6
清湖老村b,0
清湖路口a,6
清湖路口b,-1
清湖社区a,6
清湖社区b,0
清湖社区工作站a,0
清湖社区工作站b,6
清湖市场a,6
清湖市场b,0
清湖小学,6
清湖总站a,-1
清湖总站b,-1
清华信息港a,0
清华信息港b,11
清华园区a,11
清华园区b,0
清丽路总站a,-1
清丽路总站b,-1
清林小学a,12
清林小学b,-1
清龙天桥a,6
清龙天桥b,0
清水河a,0
清水河b,5
清水河仓库a,0
清水河仓库b,5
清水河酒店用品城a,-1
清水河酒店用品城b,5
清水河总站a,-1
清水河总站b,5
晴山月a,5
晴山月b,-1
秋谷康城a,-1
秋谷康城b,-1
秋园雅苑a,-1
秋园雅苑b,-1
秋长路口a,-1
秋长路口b,-1
求水山公园,9
区保安公司,12
全一电子a,1
全一电子b,0
全一电子北a,0
全一电子北b,-1
泉宝工业区,10
鹊山路口a,0
鹊山路口b,6
群贤花园a,0
群贤花园b,1
群星广场a,0
群星广场b,5
群星广场始发站①a,-1
群星广场始发站①b,-1
人才大厦a,0
人才大厦b,5
人才大市场a,5
人才大市场b,0
人才市场,-1
人民法庭a,-1
人民法庭b,3
人民法院,12
人民路口a,0
人民路口b,6
人民路口北a,0
人民路口北b,6
人民桥a,0
人民桥b,5
人民医院龙华分院a,0
人民医院龙华分院b,6
人人购物a,0
人人购物b,9
人人购物商场a,0
人人购物商场b,12
人人乐购物商场a,-1
人人乐购物商场b,-1
仁爱医院a,0
仁爱医院b,5
仁安医院a,3
仁安医院b,0
稔山工业区a,0
稔山工业区b,2
稔田社区a,2
稔田社区b,0
稔田幼儿园a,-1
稔田幼儿园b,2
任达山庄a,10
任达山庄b,10
任屋村a,8
任屋村b,0
日东电器a,9
日东电器b,-1
日海通讯a,9
日海通讯b,0
日升,0
日生a,0
日生b,12
日塑a,-1
日塑b,8
荣超滨海大厦a,0
荣超滨海大厦b,9
荣超花园①a,0
荣超花园①b,8
荣超花园②a,0
荣超花园②b,8
荣超花园③a,8
荣超花园③b,0
荣超花园④a,8
荣超花园④b,0
荣超花园⑤,6
荣健农批a,0
荣健农批b,10
荣域碧水龙庭a,6
荣域碧水龙庭b,6
绒花路口,-1
绒花路口东①,5
绒花路口东②,5
绒花路口东②(福田保税区),0
绒花路口西①,6
绒花路口西②,5
榕树吓村a,-1
榕树吓村b,3
融美学校,9
肉联厂a,8
肉联厂b,-1
如意路口a,3
如意路口b,12
如意路总站a,0
如意路总站b,12
软件产业基地a,0
软件产业基地b,0
瑞河耶纳北,9
瑞河耶纳北门,9
瑞河耶纳南门,9
瑞景同富裕路口,7
瑞景同裕路口a,7
瑞景同裕路口b,0
赛百诺a,9
赛百诺b,0
赛尔康a,0
赛尔康b,9
赛尔康厂,-1
赛格导航a,-1
赛格导航b,12
赛格日立厂a,7
赛格日立厂b,-1
赛格三星a,-1
赛格三星b,0
赛诺菲巴斯猿a,-1
赛诺菲巴斯猿b,-1
赛兔科技园,-1
三村路口a,-1
三村路口b,6
三大厂a,8
三大厂b,0
三栋路口,9
三号隧道口a,5
三号隧道口b,-1
三合村a,6
三合村b,0
三合华侨新村a,6
三合华侨新村b,0
三和百货a,0
三和百货b,10
三和隆人才市场a,0
三和隆人才市场b,12
三家店a,0
三家店b,4
三角龙a,0
三角龙b,4
三角龙工业区a,4
三角龙工业区b,-1
三角楼,-1
三角楼总站,-1
三九花园a,9
三九花园b,0
三九路口a,0
三九路口b,5
三连桥头,9
三联村口a,0
三联村口b,9
三联村委a,6
三联村委b,0
三联广场a,5
三联广场b,0
三联桥a,-1
三联桥b,8
三联桥头a,8
三联桥头b,0
三民工业区a,-1
三民工业区b,10
三区金融街a,0
三区金融街b,1
三十九区总站,0
三四号收费站a,-1
三四号收费站b,-1
三围路口a,1
三围路口b,0
三围球场a,1
三围球场b,-1
三围市场a,1
三围市场b,-1
三鑫厂a,-1
三鑫厂b,10
三鑫基地a,-1
三鑫基地b,-1
三洋部件厂,2
三洋湖a,7
三洋湖b,0
三洋湖村,7
三友厂,-1
散屋村a,7
散屋村b,0
森瑞工业园a,2
森瑞工业园b,-1
森鑫源学校a,0
森鑫源学校b,8
沙背坜市场a,-1
沙背坜市场b,12
沙背沥市场a,-1
沙背沥市场b,12
沙彼高仪器公司a,-1
沙彼高仪器公司b,-1
沙边路口a,1
沙边路口b,-1
沙边市场a,0
沙边市场b,9
沙社区,-1
沙场路口a,-1
沙场路口b,-1
沙二蓝天科技园a,9
沙二蓝天科技园b,-1
沙二路口a,0
沙二路口b,2
沙二新村,-1
沙岗村a,-1
沙岗村b,0
沙河东公交总站a,-1
沙河东公交总站b,9
沙河东路口a,0
沙河东路口b,11
沙河建工村a,11
沙河建工村b,0
沙河街,11
沙河路a,-1
沙河路b,-1
沙河信息园a,11
沙河信息园b,0
沙河医院,11
沙湖村委会a,-1
沙湖村委会b,-1
沙湖居委a,0
沙湖居委b,7
沙湖路口a,0
沙湖路口b,7
沙湖社区中心a,-1
沙湖社区中心b,-1
沙湖市场a,12
沙湖市场b,-1
沙湖治安亭a,-1
沙湖治安亭b,-1
沙江东路口a,9
沙江东路口b,-1
沙井宝安书城a,0
沙井宝安书城b,2
沙井宝安图书城,2
沙井边防站a,-1
沙井边防站b,0
沙井创新,2
沙井德普电子城总站,-1
沙井地铁站,2
沙井地铁站①,2
沙井电子城a,0
沙井电子城b,2
沙井东山书院a,2
沙井东山书院b,0
沙井防保所a,2
沙井防保所b,-1
沙井高速路口a,2
沙井高速路口b,0
沙井公园a,-1
沙井公园b,-1
沙井公园西a,-1
沙井公园西b,-1
沙井国富康,2
沙井国富康总站a,-1
沙井国富康总站b,0
沙井国美a,2
沙井国美b,0
沙井国税a,9
沙井国税b,-1
沙井国税所,-1
沙井洪田火山公园,-1
沙井建材市场,2
沙井街道办a,0
沙井街道办b,2
沙井金沙市场a,0
沙井金沙市场b,0
沙井京基百纳a,2
沙井京基百纳b,0
沙井京基百纳西a,-1
沙井京基百纳西b,-1
沙井劳动社保站a,2
沙井劳动社保站b,0
沙井乐安居,2
沙井乐安居总站,2
沙井马安山,2
沙井马鞍山,2
沙井民营党工委a,0
沙井民营党工委b,2
沙井南环路口a,2
沙井南环路口b,0
沙井人民医院a,0
沙井人民医院b,2
沙井赛格,2
沙井晟龙厂a,9
沙井晟龙厂b,0
沙井市民广场a,2
沙井市民广场b,0
沙井市民广场南a,2
沙井市民广场南b,0
沙井天虹商场a,0
沙井天虹商场b,2
沙井天虹商场①,2
沙井同富裕工业区a,-1
沙井同富裕工业区b,2
沙井同心广场,2
沙井万丰工业区a,0
沙井万丰工业区b,2
沙井万佳百货a,2
沙井万佳百货b,0
沙井万众百货,-1
沙井卫生监督所,2
沙井西部客运站a,0
沙井西部客运站b,2
沙井西部义乌a,2
沙井西部义乌b,0
沙井西部义务a,0
沙井西部义务b,9
沙井向兴路口a,-1
沙井向兴路口b,-1
沙井新城市广场a,2
沙井新城市广场b,0
沙井新和,2
沙井巡防中队a,9
沙井巡防中队b,0
沙井巡警中队a,2
沙井巡警中队b,0
沙井油站,-1
沙井中心客运站,2
沙井中心客运站①,2
沙井中心客运站②,2
沙井中心客运站③,2
沙井中心客运站北,-1
沙井中学a,2
沙井中学b,-1
沙井中学路口,9
沙井珠宝交易中心a,0
沙井珠宝交易中心b,2
沙井自来水公司,-1
沙坑,-1
沙梨园a,-1
沙梨园b,7
沙梨园小区a,7
沙梨园小区b,0
沙坜工业区a,0
沙坜工业区b,-1
沙岭小区a,0
沙岭小区b,8
沙浦,9
沙浦围居委会a,-1
沙浦围居委会b,9
沙浦围牌坊a,0
沙浦围牌坊b,2
沙三农贸市场,0
沙深路口a,4
沙深路口b,-1
沙四村,9
沙四工业区a,-1
沙四工业区b,-1
沙四工业园,-1
沙四科技园a,9
沙四科技园b,0
沙四社区a,0
沙四社区b,9
沙松路口a,-1
沙松路口b,-1
沙松桥a,0
沙松桥b,0
沙n新村a,7
沙n新村b,0
沙田村委a,-1
沙田村委b,-1
沙田路口a,-1
沙田路口b,9
沙田南路口,-1
沙田南路中,-1
沙田收费站a,-1
沙田收费站b,-1
沙田幼儿园a,7
沙田幼儿园b,0
沙头工业区,9
沙头角保税区a,0
沙头角保税区b,4
沙头角公交总站a,0
沙头角公交总站b,-1
沙头角海关a,0
沙头角海关b,4
沙头角口岸,4
沙头角消防中队,9
沙头角新一佳,4
沙头角邮局①a,4
沙头角邮局①b,0
沙头角邮局②a,4
沙头角邮局②b,0
沙头角中学a,0
沙头角中学b,0
沙头街道办a,9
沙头街道办b,0
沙头路口a,9
沙头路口b,-1
沙头市场,9
沙湾检查站,-1
沙湾街道办,4
沙湾路口a,8
沙湾路口b,0
沙湾汽车站a,8
沙湾汽车站b,0
沙湾汽车站②,8
沙湾天桥a,8
沙湾天桥b,0
沙湾头汽车站,8
沙尾a,0
沙尾b,5
沙西桥a,8
沙西桥b,0
沙西小学a,0
沙西小学b,8
沙溪工商所a,-1
沙溪工商所b,-1
沙吓a,0
沙吓b,6
沙一村委a,0
沙一村委b,2
沙一万安工业区a,9
沙一万安工业区b,-1
沙一西部工业区,2
沙元埔a,6
沙元埔b,0
沙嘴a,5
沙嘴b,0
沙嘴路口a,5
沙嘴路口b,0
晒布路,9
山本厂a,-1
山本厂b,0
山城工业区a,10
山城工业区b,0
山城商业街a,10
山城商业街b,0
山打根玩具厂a,9
山打根玩具厂b,-1
山海湾a,9
山海湾b,-1
山环电子厂a,0
山环电子厂b,0
山咀头a,6
山咀头b,0
山门居委会a,10
山门居委会b,0
山厦村委a,8
山厦村委b,-1
山厦路口a,-1
山厦路口b,8
山厦新村a,-1
山厦新村b,8
山厦医院a,0
山厦医院b,8
山厦医院东a,-1
山厦医院东b,-1
山厦总站a,8
山厦总站b,0
山水居a,5
山水居b,-1
山水田园农庄a,-1
山水田园农庄b,6
山塘工业区a,-1
山塘工业区b,-1
山一电子厂a,9
山一电子厂b,-1
衫坑工业区a,-1
衫坑工业区b,-1
商报大厦a,-1
商报大厦b,-1
商报社a,0
商报社b,5
上八约警务室a,0
上八约警务室b,8
上步码头a,5
上步码头b,-1
上步南天桥,5
上步南天桥①,5
上步南天桥②,5
上步小学a,5
上步小学b,5
上步中学①a,5
上步中学①b,0
上步中学②a,5
上步中学②b,0
上川建安路口a,1
上川建安路口b,-1
上川路口a,1
上川路口b,0
上川路口①a,0
上川路口①b,2
上村元山a,10
上村元山b,-1
上洞村a,0
上洞村b,-1
上芬小学a,0
上芬小学b,6
上高坡工业区,2
上海宾馆a,0
上海宾馆b,5
上海宾馆东a,0
上海宾馆东b,5
上海宾馆西a,-1
上海宾馆西b,-1
上海宾馆西①a,5
上海宾馆西①b,0
上海宾馆西②a,0
上海宾馆西②b,5
上海宾馆西③a,5
上海宾馆西③b,0
上合市场a,1
上合市场b,0
上合市场①a,1
上合市场①b,0
上合小学a,0
上合小学b,1
上合新村a,0
上合新村b,1
上横朗,10
上横朗村a,0
上横朗村b,6
上横朗市场a,6
上横朗市场b,0
上华村a,0
上华村b,1
上井村社区a,12
上井村社区b,-1
上李朗村a,-1
上李朗村b,8
上李朗村(182设计园),0
上李朗村委a,-1
上李朗村委b,-1
上李朗第二工业区a,0
上李朗第二工业区b,8
上李朗第二工业区(182设计园),-1
上李朗体育运动中心a,9
上李朗体育运动中心b,-1
上李朗体育中心a,0
上李朗体育中心b,8
上寮,2
上寮市场a,2
上寮市场b,0
上林苑a,5
上林苑b,0
上岭排村a,0
上岭排村b,6
上岭排新村,-1
上梅林,5
上梅林村,5
上梅林地铁站,9
上梅林公交总站a,0
上梅林公交总站b,5
上梅林市场a,5
上梅林市场b,0
上梅林总站,5
上木古村a,0
上木古村b,8
上木古村委a,-1
上木古村委b,-1
上南酒店a,0
上南酒店b,-1
上南路口,2
上南美联a,-1
上南美联b,-1
上南派出所a,2
上南派出所b,2
上辇a,10
上辇b,0
上辇村口a,10
上辇村口b,0
上排村口a,10
上排村口b,9
上排路口,9
上品小区a,0
上品小区b,9
上沙a,5
上沙b,0
上沙村,5
上沙村①,5
上沙村②,5
上f村a,-1
上f村b,-1
上石家a,10
上石家b,0
上石家村口a,-1
上石家村口b,10
上石家市场a,10
上石家市场b,0
上水花园a,8
上水花园b,0
上水经天桥,9
上水径a,0
上水径b,8
上水径地铁站,5
上水径天桥,8
上塘村口a,8
上塘村口b,0
上塘村委a,9
上塘村委b,0
上塘地铁公交接驳站,9
上塘地铁站a,0
上塘地铁站b,6
上塘公交站a,6
上塘公交站b,0
上塘路口a,0
上塘路口b,6
上塘派出所a,0
上塘派出所b,6
上塘派出所南,6
上塘社区a,9
上塘社区b,6
上田村路口a,-1
上田村路口b,-1
上围村口,-1
上围新村a,0
上围新村b,4
上围园a,0
上围园b,1
上围园北,-1
上屋社区,10
上屋小学,10
上下横岗a,-1
上下横岗b,-1
上星村委a,2
上星村委b,0
上星市场,-1
上星中心公园a,0
上星中心公园b,2
上雪工业区a,8
上雪工业区b,0
上雪市场a,8
上雪市场b,0
上油松村a,6
上油松村b,0
上早新村a,6
上早新村b,0
上榨居民小组a,7
上榨居民小组b,0
上中村a,-1
上中村b,9
尚鼎华庭,-1
尚峰花园a,8
尚峰花园b,0
尚景花园,-1
尚景欣园a,12
尚景欣园b,0
尚荣科技a,-1
尚荣科技b,-1
尚荣科技园a,-1
尚荣科技园b,-1
少儿图书馆a,5
少儿图书馆b,0
少年宫a,0
少年宫b,5
少年宫东a,0
少年宫东b,5
蛇口sct码头总站a,-1
蛇口sct码头总站b,-1
蛇口港地铁站a,11
蛇口港地铁站b,0
蛇口港地铁站公交总站a,-1
蛇口港地铁站公交总站b,9
蛇口港交警大队a,0
蛇口港交警大队b,11
蛇口广场a,11
蛇口广场b,0
蛇口国税局a,-1
蛇口国税局b,11
蛇口海关a,0
蛇口海关b,9
蛇口交警大队a,9
蛇口交警大队b,-1
蛇口码头总站a,9
蛇口码头总站b,11
蛇口汽车站a,11
蛇口汽车站b,0
蛇口人民医院a,11
蛇口人民医院b,0
蛇口体育中心a,-1
蛇口体育中心b,11
蛇口体育中心东a,0
蛇口体育中心东b,9
蛇口网谷a,11
蛇口网谷b,0
蛇口沃尔玛,11
蛇口沃尔玛①,11
蛇口沃尔玛②,11
蛇口戏院a,11
蛇口戏院b,0
蛇口新街,11
蛇口游轮中心,-1
社保局路口a,-1
社保局路口b,-1
摄影产业园a,1
摄影产业园b,-1
莘塘村a,-1
莘塘村b,4
莘塘路口a,0
莘塘路口b,4
深宝电力工业园a,0
深宝电力工业园b,12
深大北门①a,0
深大北门①b,11
深大北门②a,11
深大北门②b,0
深大地铁站a,11
深大地铁站b,0
深大附中a,0
深大附中b,11
深大南区宿舍楼,11
深大南区运动场a,11
深大南区运动场b,0
深大文科楼,11
深大西丽宿舍楼a,-1
深大西丽宿舍楼b,0
深大西门a,11
深大西门b,0
深德技校a,6
深德技校b,-1
深港产学研基地a,11
深港产学研基地b,11
深港豪苑,5
深高技西校区a,0
深高技西校区b,9
深航大厦①a,0
深航大厦①b,5
深航大厦②a,5
深航大厦②b,0
深航基地a,-1
深航基地b,-1
深晖企业,-1
深惠交界处,9
深坑工业区a,4
深坑工业区b,-1
深坑居民小组a,4
深坑居民小组b,0
深坑枥,10
深朗小区a,-1
深朗小区b,8
深朗总站a,8
深朗总站b,-1
深南北环立交①a,1
深南北环立交①b,0
深南北环立交②a,0
深南北环立交②b,1
深南北环立交③a,1
深南北环立交③b,0
深南北环立交站①,1
深南北环立交站③,-1
深南电路厂a,0
深南电路厂b,12
深南科技立交北a,11
深南科技立交北b,0
深南科苑立交,-1
深南科苑立交北a,0
深南科苑立交北b,11
深南香蜜立交①a,0
深南香蜜立交①b,5
深南香蜜立交②a,5
深南香蜜立交②b,0
深汕路口a,-1
深汕路口b,0
深湾二路,11
深湾二路口,0
深雅五金塑料厂a,6
深雅五金塑料厂b,0
深亚加油站a,9
深亚加油站b,0
深亚油站,2
深盐沙盐路口,4
深业车城a,0
深业车城b,0
深业东城国际a,7
深业东城国际b,0
深业东城上邸a,7
深业东城上邸b,0
深业花园a,9
深业花园b,0
深业新岸线a,0
深业新岸线b,1
深业新岸线西a,9
深业新岸线西b,-1
深宇科技园a,0
深宇科技园b,7
深云村a,11
深云村b,0
深云村南,11
深圳.万利城(富民工业区),8
深圳宝安机场,-1
深圳报业集团a,9
深圳报业集团b,0
深圳报业集团东门a,6
深圳报业集团东门b,0
深圳北汽车站a,0
深圳北汽车站b,11
深圳北站a,0
深圳北站b,6
深圳北站东广场a,6
深圳北站东广场b,0
深圳北站公交总站a,-1
深圳北站公交总站b,-1
深圳北站交通枢纽公交场站a,9
深圳北站交通枢纽公交场站b,0
深圳北站枢纽公交场站a,0
深圳北站枢纽公交场站b,6
深圳大学a,11
深圳大学b,0
深圳东方英文学院a,-1
深圳东方英文学院b,9
深圳东站a,8
深圳东站b,0
深圳东站东广场a,0
深圳东站东广场b,8
深圳东站西广场a,8
深圳东站西广场b,0
深圳法律创意园a,8
深圳法律创意园b,0
深圳火车东站a,-1
深圳火车东站b,-1
深圳监狱a,0
深圳监狱b,7
深圳南山书城a,11
深圳南山书城b,0
深圳坪山站a,0
深圳坪山站b,7
深圳燃气a,0
深圳燃气b,9
深圳人才市场②,-1
深圳人才园,11
深圳人才园①,11
深圳人才园②,5
深圳软件园a,-1
深圳软件园b,9
深圳软件园西a,9
深圳软件园西b,9
深圳赛格三星,0
深圳十中,-1
深圳十中(在建),10
深圳石油大厦,11
深圳实验学校a,11
深圳实验学校b,0
深圳书城a,0
深圳书城b,5
深圳外国语学校a,-1
深圳外国语学校b,4
深圳外国语学校西a,4
深圳外国语学校西b,-1
深圳湾口岸a,11
深圳湾口岸b,0
深圳湾体育中心a,11
深圳湾体育中心b,0
深圳戏院,0
深圳先进技术学院a,-1
深圳先进技术学院b,9
深圳中学,5
深职院a,11
深职院b,0
深职院北校区a,-1
深职院北校区b,9
深职院东区西门a,-1
深职院东区西门b,11
深职院西校区a,0
深职院西校区b,11
深职院西校区总站,11
深职院西宿舍区,1
深中泥岗分校,5
深中泥岗分校北,9
生态广场a,0
生态广场b,11
生物加速器厂a,9
生物加速器厂b,0
圣淘沙a,0
圣淘沙b,1
圣廷苑酒店a,5
圣廷苑酒店b,0
圣亚达a,0
圣亚达b,10
盛大百货,4
盛芳园a,0
盛芳园b,-1
盛和兴厂,9
盛龙路口a,0
盛龙路口b,3
盛平村委a,3
盛平村委b,0
盛平街a,0
盛平街b,3
盛平天桥a,0
盛平天桥b,3
狮头岭村委a,0
狮头岭村委b,6
狮头领村委,6
十二号路a,11
十二号路b,-1
十号路口,-1
十号路总站,-1
石凹村路口a,0
石凹村路口b,6
石凹公园a,6
石凹公园b,-1
石凹路西,0
石凹路中a,0
石凹路中b,6
石凹水库a,0
石凹水库b,6
石陂头村,0
石陂头居民小区,7
石碑村a,-1
石碑村b,7
石背路口a,-1
石背路口b,-1
石碧居民小组a,-1
石碧居民小组b,-1
石鼓花园a,11
石鼓花园b,-1
石禾塘,7
石鸿花园,1
石灰围a,-1
石灰围b,-1
石夹路口a,0
石夹路口b,7
石街股份公司a,1
石街股份公司b,-1
石介头市场a,-1
石介头市场b,-1
石井村a,7
石井村b,0
石井村委,7
石井路口,-1
石井派出所,7
石井市场a,-1
石井市场b,7
石龙路口a,6
石龙路口b,0
石龙仔场站a,0
石龙仔场站b,9
石龙仔工业区,10
石龙仔公交总站a,-1
石龙仔公交总站b,-1
石龙仔路口a,0
石龙仔路口b,9
石龙仔市场a,10
石龙仔市场b,10
石龙仔总站a,0
石龙仔总站b,10
石厦南a,0
石厦南b,5
石厦南总站a,0
石厦南总站b,5
石厦学校a,5
石厦学校b,5
石水井委,7
石田工业区a,-1
石田工业区b,-1
石头山工业区a,10
石头山工业区b,0
石头围村口a,4
石头围村口b,9
石围a,0
石围b,9
石芽岭公园a,0
石芽岭公园b,8
石岩成人学校a,10
石岩成人学校b,0
石岩第二工业区a,-1
石岩第二工业区b,-1
石岩东原天桥a,10
石岩东原天桥b,10
石岩恩斯迈a,-1
石岩恩斯迈b,-1
石岩奋达科技a,1
石岩奋达科技b,0
石岩公学a,0
石岩公学b,10
石岩公学西a,0
石岩公学西b,10
石岩湖度假村a,0
石岩湖度假村b,10
石岩湖度假村停车场,-1
石岩湖路口a,10
石岩湖路口b,0
石岩湖温泉,10
石岩湖总站a,9
石岩湖总站b,-1
石岩环保所,10
石岩计生中心a,0
石岩计生中心b,10
石岩佳华百货,-1
石岩佳华商场,10
石岩交警中队a,10
石岩交警中队b,0
石岩街道办a,10
石岩街道办b,0
石岩径贝村a,10
石岩径贝村b,0
石岩坑尾村,9
石岩利新百货,10
石岩料坑村a,0
石岩料坑村b,9
石岩罗租中新村a,-1
石岩罗租中新村b,10
石岩南城百货a,10
石岩南城百货b,-1
石岩南岗工业区a,0
石岩南岗工业区b,10
石岩南康百货a,10
石岩南康百货b,-1
石岩汽车站a,0
石岩汽车站b,10
石岩汽车站①a,10
石岩汽车站①b,0
石岩汽车站总站a,-1
石岩汽车站总站b,2
石岩汽车总站a,-1
石岩汽车总站b,10
石岩市场,10
石岩同富裕工业区a,9
石岩同富裕工业区b,-1
石岩文化中心a,9
石岩文化中心b,0
石岩物流园a,0
石岩物流园b,10
石岩新村,10
石岩新村南a,2
石岩新村南b,0
石岩阳光工业区,10
石岩影剧院北a,0
石岩影剧院北b,10
石岩执法大队a,9
石岩执法大队b,-1
石岩综合场站a,9
石岩综合场站b,0
石一村小组a,0
石一村小组b,6
石洲北路a,-1
石洲北路b,11
石洲中路a,11
石洲中路b,0
时尚创意城a,0
时尚创意城b,9
时尚创意城北a,0
时尚创意城北b,9
时尚创意城总站a,9
时尚创意城总站b,0
实验学校,0
实验学校始发站a,9
实验学校始发站b,6
实验学校总站a,9
实验学校总站b,11
世峰工业区a,-1
世峰工业区b,0
世峰科技园a,0
世峰科技园b,9
世福爱琴海a,-1
世福爱琴海b,-1
世纪春城a,6
世纪春城b,0
世纪村a,-1
世纪村b,-1
世纪东方广场a,2
世纪东方广场b,0
世纪工业区a,8
世纪工业区b,-1
世纪海景a,0
世纪海景b,-1
世纪华园a,-1
世纪华园b,-1
世纪晶源,0
世界之窗①a,11
世界之窗①b,11
世界之窗②a,0
世界之窗②b,11
世界之窗地铁接驳站a,11
世界之窗地铁接驳站b,0
世界之窗地铁接驳站(地下站)a,11
世界之窗地铁接驳站(地下站)b,0
世界之窗总站a,0
世界之窗总站b,11
世贸百货a,0
世贸百货b,3
世贸大厦,-1
市边检站基地a,6
市边检站基地b,0
市场路口a,-1
市场路口b,-1
市儿童乐园a,0
市儿童乐园b,5
市二医院①a,5
市二医院①b,0
市二医院②a,0
市二医院②b,6
市话大厦,5
市话大厦①,5
市话大厦②,5
市检察院①a,0
市检察院①b,5
市检察院②a,5
市检察院②b,0
市检察院③,5
市交委,-1
市交委①,-1
市救助站,5
市六医院a,11
市六医院b,0
市六医院东a,11
市六医院东b,0
市慢病防治中心a,5
市慢病防治中心b,0
市民广场东a,0
市民广场东b,9
市民广场西,11
市民中心a,9
市民中心b,5
市民中心东a,0
市民中心东b,5
市民中心西a,0
市民中心西b,5
市四医院,-1
市委a,0
市委b,5
市委党校a,11
市委党校b,-1
市文化创意园a,5
市文化创意园b,0
市眼科医院a,11
市眼科医院b,11
市政大厦,11
市政大厦①,5
市政大厦②,5
市政广场a,-1
市政广场b,-1
市总工会a,0
市总工会b,5
手外科医院a,9
手外科医院b,-1
守珍街a,8
守珍街b,0
首信广场,-1
书香门第a,6
书香门第b,-1
书香门第(上河坊),0
舒美实业a,-1
舒美实业b,-1
曙光大厦,-1
曙光大厦(方正大厦)a,-1
曙光大厦(方正大厦)b,-1
双金惠工业区a,0
双金惠工业区b,2
双龙地铁站①a,0
双龙地铁站①b,3
双龙地铁站②a,3
双龙地铁站②b,0
双龙地铁站③a,0
双龙地铁站③b,3
水岸广场a,12
水岸广场b,0
水岸新都,9
水岸新都总站a,12
水岸新都总站b,0
水贝地铁站,5
水贝总站a,5
水贝总站b,-1
水背村,-1
水背村口a,0
水背村口b,12
水背坑a,0
水背坑b,8
水产市场a,-1
水产市场b,2
水厂,4
水厂路口a,-1
水厂路口b,9
水斗村a,0
水斗村b,6
水斗富豪新村a,6
水斗富豪新村b,0
水斗新村a,6
水斗新村b,0
水费站a,4
水费站b,9
水晶之城a,0
水晶之城b,3
水库a,5
水库b,0
水库新村,5
水库新村①,5
水库新村②,5
水库总站a,5
水库总站b,0
水蓝湾a,-1
水蓝湾b,0
水蓝湾总站a,3
水蓝湾总站b,0
水霖学校a,-1
水霖学校b,-1
水木华庭a,0
水木华庭b,11
水田工业区a,10
水田工业区b,0
水田社康中心a,10
水田社康中心b,0
水田社区a,0
水田社区b,10
水田社区①a,0
水田社区①b,10
水田收费站a,6
水田收费站b,0
水头村a,7
水头村b,-1
水头沙a,0
水头沙b,7
水头市场a,5
水头市场b,0
水湾地铁站a,11
水湾地铁站b,0
水湾头a,9
水湾头b,0
水围,-1
水围村,9
水围社区,-1
水尾a,0
水尾b,6
水榭春天a,9
水榭春天b,0
水榭花都a,5
水榭花都b,0
水榭山a,-1
水榭山b,-1
水祖坑a,0
水祖坑b,7
水祖坑村a,0
水祖坑村b,7
顺丰物流基地a,-1
顺丰物流基地b,-1
顺平路口a,6
顺平路口b,0
顺平商业街a,8
顺平商业街b,-1
四方村a,0
四方村b,11
四方埔,-1
四方埔村委a,12
四方埔村委b,0
四方埔路口a,3
四方埔路口b,0
四方埔卫生站a,-1
四方埔卫生站b,12
四海a,0
四海b,11
四海公园南a,0
四海公园南b,11
四海小区a,11
四海小区b,0
四和村a,-1
四和村b,-1
四季花城,6
四季花城①,6
四季花城②,6
四联小学,9
四维园林a,-1
四维园林b,12
松白工业区a,10
松白工业区b,0
松白将富路口a,0
松白将富路口b,9
松白丽康路口a,0
松白丽康路口b,10
松福沙浦天桥a,0
松福沙浦天桥b,9
松福新沙路口a,2
松福新沙路口b,-1
松岗地铁站a,0
松岗地铁站b,2
松岗第二小学a,9
松岗第二小学b,0
松岗第一小学a,0
松岗第一小学b,2
松岗顶峰科技园,9
松岗鼎丰科技园a,2
松岗鼎丰科技园b,0
松岗鼎峰科技园,-1
松岗钢材市场,2
松岗公园东a,2
松岗公园东b,0
松岗公园天桥a,-1
松岗公园天桥b,0
松岗好万年百货,-1
松岗花果山,9
松岗华丰科技园a,-1
松岗华丰科技园b,9
松岗教堂,9
松岗街道办a,2
松岗街道办b,0
松岗旧汽车站a,-1
松岗旧汽车站b,-1
松岗派出所临时站a,9
松岗派出所临时站b,0
松岗汽车站a,2
松岗汽车站b,10
松岗桥底,2
松岗桥底总站a,-1
松岗桥底总站b,2
松岗人民医院a,2
松岗人民医院b,0
松岗人民医院南a,0
松岗人民医院南b,2
松岗人民医院前门,2
松岗税务局,-1
松岗塘下涌a,2
松岗塘下涌b,0
松岗天虹商场a,0
松岗天虹商场b,2
松岗天虹商场①a,0
松岗天虹商场①b,2
松岗同富裕工业园a,0
松岗同富裕工业园b,-1
松岗文化艺术中心a,0
松岗文化艺术中心b,2
松岗信隆厂a,0
松岗信隆厂b,9
松岗中学a,0
松岗中学b,9
松岗总站,10
松和小学a,6
松和小学b,0
松湖路口a,0
松湖路口b,11
松坪村a,0
松坪村b,11
松坪山a,11
松坪山b,0
松坪山路口a,11
松坪山路口b,0
松坪山三期,9
松坪山学校小学部,11
松坪山总站a,11
松坪山总站b,0
松坪学校小学部a,0
松坪学校小学部b,11
松泉公寓a,0
松泉公寓b,5
松泉山庄a,0
松泉山庄b,5
松瑞路口a,8
松瑞路口b,0
松瑞路口桥,-1
松山村a,0
松山村b,-1
松塘路口a,-1
松塘路口b,0
松裕立交a,0
松裕立交b,2
松裕路口a,-1
松裕路口b,2
松元公园,6
松元市场a,0
松元市场b,6
松元头a,0
松元头b,8
松园公园,6
松仔园a,0
松仔园b,6
松泽厂a,7
松泽厂b,0
松子坑a,0
松子坑b,7
颂德花园公交总站a,-1
颂德花园公交总站b,9
颂德花园总站a,0
颂德花园总站b,9
苏场吓小区,-1
苏氏山水科技园a,0
苏氏山水科技园b,9
笋岗a,-1
笋岗b,-1
笋岗八卦二路①,9
笋岗八卦岭路口①,5
笋岗八卦岭路口②a,5
笋岗八卦岭路口②b,0
笋岗八卦路口①a,8
笋岗八卦路口①b,0
笋岗八卦路口②a,0
笋岗八卦路口②b,5
笋岗百安居a,9
笋岗百安居b,-1
笋岗仓库a,5
笋岗仓库b,0
笋岗工艺城a,0
笋岗工艺城b,5
笋岗火车站a,8
笋岗火车站b,-1
笋岗街道办a,5
笋岗街道办b,0
笋岗牌坊,-1
笋岗桥a,5
笋岗桥b,0
笋岗艺展中心a,0
笋岗艺展中心b,5
索佳路口a,1
索佳路口b,0
台本五金厂a,0
台本五金厂b,-1
台均科技有限公司a,9
台均科技有限公司b,-1
台菱大厦a,0
台菱大厦b,6
台湾工业区a,0
台湾工业区b,10
太白西,9
太冲小学,-1
太东时尚岛a,-1
太东时尚岛b,-1
太宁小学,5
太平洋住宅区a,4
太平洋住宅区b,0
太兴新村,6
太阳村a,7
太阳村b,0
太阳雨小区a,-1
太阳雨小区b,-1
太子山庄a,0
太子山庄b,11
泰豪科技a,-1
泰豪科技b,9
泰和花园a,-1
泰和花园b,-1
泰和路口a,-1
泰和路口b,-1
泰华锦绣城,1
泰华梧桐岛a,1
泰华梧桐岛b,0
泰华阳光海,1
泰隆百货a,-1
泰隆百货b,12
谭罗村a,6
谭罗村b,0
潭头第二工业区a,9
潭头第二工业区b,2
潭头工业区,9
潭头公交总站a,0
潭头公交总站b,-1
潭头居委会,-1
潭头路口a,0
潭头路口b,2
潭头西部工业b区,0
潭头西部公交总站,-1
潭头西公交总站a,9
潭头西公交总站b,-1
潭头西综场站,9
潭头西综合场站a,2
潭头西综合场站b,-1
潭头小学a,0
潭头小学b,9
潭头新二村a,-1
潭头新二村b,2
潭头一村,2
汤亨花园,7
汤亨小学,7
汤坑村委,9
汤坑二路a,-1
汤坑二路b,7
汤坑花园,12
汤坑居委a,7
汤坑居委b,0
汤坑路口a,0
汤坑路口b,7
汤坑三路a,-1
汤坑三路b,9
汤坑社康中心a,0
汤坑社康中心b,7
汤坑小学a,-1
汤坑小学b,7
汤坑夜市a,-1
汤坑夜市b,-1
汤坑站a,-1
汤坑站b,-1
汤坑总站a,0
汤坑总站b,-1
塘家村村口a,9
塘家村村口b,0
塘家村委,10
塘家第一工业区,10
塘家南路口a,0
塘家南路口b,10
塘家市场,10
塘家治安亭,9
塘井路口a,-1
塘井路口b,-1
塘井市场a,-1
塘井市场b,-1
塘径路口a,-1
塘径路口b,8
塘坑村,0
塘坑地铁站a,0
塘坑地铁站b,4
塘坑仔a,5
塘坑仔b,0
塘坑总站(宏发世纪城)a,0
塘坑总站(宏发世纪城)b,10
塘朗车辆段北a,0
塘朗车辆段北b,11
塘朗村口a,0
塘朗村口b,11
塘朗地铁站a,11
塘朗地铁站b,0
塘朗留仙路口a,1
塘朗留仙路口b,-1
塘朗派出所a,0
塘朗派出所b,11
塘朗山隧道道路口,0
塘朗山隧道路口a,0
塘朗山隧道路口b,10
塘朗小学,11
塘明工业区,-1
塘前村a,6
塘前村b,0
塘厦第三小学a,-1
塘厦第三小学b,-1
塘厦派出所a,-1
塘厦派出所b,-1
塘厦汽车站a,-1
塘厦汽车站b,-1
塘厦人民医院a,-1
塘厦人民医院b,-1
塘厦社保局a,-1
塘厦社保局b,-1
塘厦天桥a,-1
塘厦天桥b,-1
塘厦新人民医院a,-1
塘厦新人民医院b,-1
塘水围村a,0
塘水围村b,6
塘头路口a,0
塘头路口b,10
塘头社区a,10
塘头社区b,10
塘头新村a,10
塘头新村b,0
塘头又一村a,10
塘头又一村b,0
塘尾北a,-1
塘尾北b,9
塘尾村委a,0
塘尾村委b,2
塘尾地铁站a,2
塘尾地铁站b,0
塘尾地铁站①,-1
塘尾派出所a,2
塘尾派出所b,0
塘尾十一区a,2
塘尾十一区b,0
塘尾小学a,2
塘尾小学b,2
塘尾羽毛球馆a,-1
塘尾羽毛球馆b,9
塘西第二工业区,-1
塘下围a,-1
塘下围b,0
塘下涌工业区a,-1
塘下涌工业区b,-1
塘下涌广场a,0
塘下涌广场b,0
塘下涌立交a,2
塘下涌立交b,0
塘下涌社康中心a,0
塘下涌社康中心b,2
塘下涌市场a,9
塘下涌市场b,-1
塘下涌同富裕总站a,-1
塘下涌同富裕总站b,-1
桃花园松岗分园a,9
桃花园松岗分园b,-1
桃花源松岗分园a,2
桃花源松岗分园b,0
桃园宾馆a,0
桃园宾馆b,6
桃园路中a,-1
桃园路中b,8
桃园南新路口a,11
桃园南新路口b,0
桃园文体中心,-1
桃源宾馆,-1
桃源村a,11
桃源村b,11
桃源村东a,0
桃源村东b,11
桃源村三期,-1
桃源村总站a,11
桃源村总站b,-1
桃源街道办a,11
桃源街道办b,0
桃源康复中心a,0
桃源康复中心b,11
桃源文体中心a,0
桃源文体中心b,11
陶吓路口a,-1
陶吓路口b,-1
陶吓社区a,-1
陶吓社区b,-1
陶园中英文学校a,0
陶园中英文学校b,9
淘金山小区a,5
淘金山小区b,8
特发小区a,5
特发小区b,0
特警训练基地a,9
特警训练基地b,0
特区报社①a,0
特区报社①b,5
特区报社②a,0
特区报社②b,5
特展购物广场a,8
特展购物广场b,0
腾邦大厦a,0
腾邦大厦b,5
腾昌花园a,0
腾昌花园b,4
腾昌一路a,-1
腾昌一路b,4
腾达集团a,6
腾达集团b,0
腾芳花园,9
腾龙集团,-1
腾龙路口a,-1
腾龙路口b,6
誊铭公司,0
体育馆①a,0
体育馆①b,5
体育馆②a,5
体育馆②b,5
体育馆东a,0
体育馆东b,5
体育学院运动东,-1
体育运动学校北a,3
体育运动学校北b,0
体育运动学校东a,12
体育运动学校东b,0
体育运动学校南a,12
体育运动学校南b,-1
体育运动学校西a,-1
体育运动学校西b,-1
体育中心a,0
体育中心b,9
天安花园a,0
天安花园b,6
天安数码城a,5
天安数码城b,0
天诚家私厂a,6
天诚家私厂b,0
天地大厦,5
天鹅堡a,9
天鹅堡b,-1
天鹅堡东a,11
天鹅堡东b,0
天濠百货a,0
天濠百货b,8
天濠广场a,-1
天濠广场b,-1
天昊华庭,12
天后宫a,11
天后宫b,0
天华路口a,9
天华路口b,0
天汇大厦,6
天荟购物中心,1
天基电器a,0
天基电器b,0
天健花园a,12
天健花园b,0
天健世纪花园a,-1
天健世纪花园b,9
天骄世家a,-1
天骄世家b,1
天骄小学a,1
天骄小学b,-1
天井湖a,0
天井湖b,5
天霖公司a,-1
天霖公司b,9
天马a,12
天马b,-1
天马微,12
天然居a,5
天然居b,-1
天时印刷厂a,0
天时印刷厂b,8
天堂围路口a,0
天堂围路口b,6
天天乐,4
天源隆超市a,-1
天源隆超市b,-1
天源隆商场a,2
天源隆商场b,0
添利工业园a,12
添利工业园b,0
田贝①a,8
田贝①b,0
田贝②,5
田贝地铁站a,5
田贝地铁站b,0
田贝四路a,5
田贝四路b,0
田贝新村a,5
田贝新村b,-1
田贝总站a,4
田贝总站b,5
田背路口a,6
田背路口b,0
田脚村a,0
田脚村b,7
田寮a,0
田寮b,10
田寮工业区a,-1
田寮工业区b,10
田寮路口a,10
田寮路口b,0
田寮市场a,-1
田寮市场b,-1
田寮市场管理科a,0
田寮市场管理科b,-1
田寮炜东城,-1
田面a,5
田面b,5
田厦村a,11
田厦村b,0
田头居委a,-1
田头居委b,7
田头山游泳池a,7
田头山游泳池b,0
田头市场a,-1
田头市场b,7
田心安康卫生站,-1
田心村a,5
田心村b,0
田心工业a,10
田心工业b,-1
田心工业区a,10
田心工业区b,0
田心居民小组a,0
田心居民小组b,10
田心居委a,0
田心居委b,7
田心居委会a,-1
田心居委会b,-1
田心路口,0
田心派出所a,-1
田心派出所b,-1
田心商业街a,-1
田心商业街b,-1
田心社康中心a,0
田心社康中心b,7
田心水管所,-1
田心小区a,9
田心小区b,0
田园路口a,-1
田园路口b,9
田祖上村,-1
田祖上村(田祖站),-1
田祖站a,12
田祖站b,-1
田祖站(田祖上村),-1
铁岗村a,1
铁岗村b,0
铁岗公园a,0
铁岗公园b,1
铁岗路口a,0
铁岗路口b,1
铁岗气库a,0
铁岗气库b,0
铁岗水库a,0
铁岗水库b,9
铁岗水库西门a,0
铁岗水库西门b,0
铁路拘留所a,0
铁路拘留所b,8
铁路桥a,6
铁路桥b,0
铁扇关门a,-1
铁扇关门b,-1
铁塔科技园a,-1
铁塔科技园b,0
庭威工业园,-1
通洲工业园a,9
通洲工业园b,0
同安药业a,0
同安药业b,2
同富工业区a,7
同富工业区b,0
同富路口a,7
同富路口b,0
同富裕工业城a,0
同富裕工业城b,11
同富裕工业园,0
同富裕一路a,7
同富裕一路b,-1
同观路口a,0
同观路口b,-1
同乐村a,11
同乐村b,0
同乐村委a,-1
同乐村委b,12
同乐第六工业区a,12
同乐第六工业区b,0
同乐高速路口a,12
同乐高速路口b,-1
同乐工业区a,3
同乐工业区b,0
同乐家私城a,9
同乐家私城b,-1
同乐检查站,-1
同乐科技园a,-1
同乐科技园b,12
同乐路口a,0
同乐路口b,9
同乐派出所a,12
同乐派出所b,0
同乐汽车站a,3
同乐汽车站b,0
同乐人人购物,0
同乐社区a,7
同乐社区b,0
同乐市场(金钱凹赖屋村)a,-1
同乐市场(金钱凹赖屋村)b,-1
同乐学校a,11
同乐学校b,0
同乐总站a,-1
同乐总站b,9
同仁妇科医院a,1
同仁妇科医院b,0
同泰时代广场a,9
同泰时代广场b,-1
同泰时代中心a,0
同泰时代中心b,2
同心工业区(丁甲岭市场)a,-1
同心工业区(丁甲岭市场)b,-1
同心工业园a,0
同心工业园b,12
同心路口a,3
同心路口b,-1
同裕路口a,7
同裕路口b,0
同洲厂a,-1
同洲厂b,-1
同洲电子a,0
同洲电子b,12
彤创科技园a,0
彤创科技园b,2
头发世家a,0
头发世家b,8
投资大厦①,5
投资大厦②,11
土湖小学,-1
土洋居委会,-1
土洋派出所a,4
土洋派出所b,0
土洋市场,7
土洋医药a,7
土洋医药b,-1
土洋医院a,9
土洋医院b,0
鸵鸟山庄a,-1
鸵鸟山庄b,6
拓邦工业园a,-1
拓邦工业园b,10
拓姆斯塑胶a,2
拓姆斯塑胶b,0
拓日新能源,0
瓦窑坑,12
瓦窑排a,6
瓦窑排b,0
外经工业园a,9
外经工业园b,-1
湾厦村a,0
湾厦村b,11
湾厦村委a,11
湾厦村委b,0
万安工业园a,-1
万安工业园b,9
万安堂药店a,-1
万安堂药店b,-1
万安学校,6
万丰a,2
万丰b,-1
万丰工业区a,10
万丰工业区b,0
万丰派出所a,2
万丰派出所b,0
万福广场a,2
万福广场b,0
万福广场东a,0
万福广场东b,9
万福商业街路口a,8
万福商业街路口b,-1
万国食品城总站a,0
万国食品城总站b,8
万国数据a,-1
万国数据b,6
万豪月半山a,-1
万豪月半山b,-1
万和百货a,0
万和百货b,6
万和制药a,0
万和制药b,-1
万汇百货a,0
万汇百货b,12
万惠隆百货a,0
万惠隆百货b,9
万基a,9
万基b,0
万家灯火a,6
万家灯火b,0
万家和百货a,0
万家和百货b,2
万景公司a,0
万景公司b,6
万骏隆广场,4
万骏隆路口a,4
万骏隆路口b,-1
万科a,-1
万科b,-1
万科城a,6
万科城b,0
万科城北a,6
万科城北b,0
万科城南,9
万科大厦a,5
万科大厦b,0
万科第五园,-1
万科第五园公交总站a,0
万科第五园公交总站b,5
万科第五园西,6
万科第五园总站a,9
万科第五园总站b,-1
万科东海岸a,-1
万科东海岸b,-1
万科广场a,3
万科广场b,0
万科红a,0
万科红b,9
万科金域东郡a,0
万科金域东郡b,7
万科金域花园,9
万科金域华府a,0
万科金域华府b,6
万科科技园a,0
万科科技园b,12
万科十七英里a,0
万科十七英里b,0
万科五园幼儿园a,9
万科五园幼儿园b,0
万科中心a,0
万科中心b,4
万里红a,7
万里红b,0
万联商场a,0
万联商场b,10
万隆制品厂a,7
万隆制品厂b,0
万胜电子厂a,-1
万胜电子厂b,-1
万胜商场,0
万盛百货a,0
万盛百货b,6
万松高a,-1
万松高b,6
万象新天,9
万兴百货a,-1
万兴百货b,9
万众百货a,-1
万众百货b,-1
万众城a,6
万众城b,0
万众城家居广场a,0
万众城家居广场b,6
王京坑a,10
王京坑b,0
王京坑村a,11
王京坑村b,0
王京坑路口a,0
王京坑路口b,11
王坑村,11
旺棠公寓,11
望牛岗a,0
望牛岗b,7
望牛岗村a,7
望牛岗村b,0
望桐路西a,8
望桐路西b,0
威尔德电子厂a,0
威尔德电子厂b,0
围仔小区a,6
围仔小区b,-1
维尔康食品公司a,0
维尔康食品公司b,1
维也纳酒店,-1
维用科技a,-1
维用科技b,11
维珍妮a,10
维珍妮b,0
维重厂a,6
维重厂b,-1
伟景堂药业a,-1
伟景堂药业b,-1
伟利厂a,8
伟利厂b,0
伟林雅苑a,9
伟林雅苑b,0
伟禄雅苑公交总站a,-1
伟禄雅苑公交总站b,-1
伟伦厂a,-1
伟伦厂b,10
伟泰工业园,-1
蔚蓝海岸三期a,9
蔚蓝海岸三期b,-1
文博宫a,5
文博宫b,0
文光村a,11
文光村b,-1
文化产业中心a,-1
文化产业中心b,-1
文化广场北a,0
文化广场北b,6
文化广场东,6
文化广场西a,6
文化广场西b,-1
文汇花园a,1
文汇花园b,-1
文汇中学a,0
文汇中学b,1
文锦渡客运站a,0
文锦渡客运站b,5
文锦渡客运站南a,5
文锦渡客运站南b,-1
文锦渡口岸a,0
文锦渡口岸b,5
文锦南路a,0
文锦南路b,5
文锦中学a,5
文锦中学b,5
文心五路北,11
文竹园a,11
文竹园b,0
窝肚路口a,0
窝肚路口b,9
窝肚市场a,4
窝肚市场b,0
沃尔奔达,9
沃尔核材a,0
沃尔核材b,7
沃尔玛广场a,5
沃尔玛广场b,0
乌冲村a,-1
乌冲村b,-1
乌料龙a,-1
乌料龙b,12
污水处理厂a,0
污水处理厂b,5
屋园路口a,-1
屋园路口b,10
无委大厦,8
梧桐山公园a,-1
梧桐山公园b,4
梧桐山市场a,-1
梧桐山市场b,9
梧桐山隧道口,4
梧桐山隧道口①a,4
梧桐山隧道口①b,-1
梧桐山新居a,5
梧桐山新居b,0
梧桐山杨梅坑a,0
梧桐山杨梅坑b,8
梧桐山综合大楼a,-1
梧桐山综合大楼b,9
梧桐山总站a,5
梧桐山总站b,-1
梧桐学校a,8
梧桐学校b,0
五方广场a,0
五方广场b,5
五丰a,9
五丰b,0
五和大道南a,6
五和大道南b,0
五和地铁站a,6
五和地铁站b,0
五和地铁站北,6
五和路口a,0
五和路口b,6
五和路口北a,6
五和路口北b,0
五联利源手袋厂a,12
五联利源手袋厂b,-1
五联社区a,12
五联社区b,0
五联市场a,12
五联市场b,0
五联图书馆a,0
五联图书馆b,12
五联朱古石,12
五马峰公园,0
五区市场a,1
五区市场b,-1
五园小学,6
五园小学北a,0
五园小学北b,6
五园中学,9
五中队a,0
五中队b,5
五洲龙a,12
五洲龙b,0
伍屋村a,6
伍屋村b,-1
伍屋围村a,-1
伍屋围村b,-1
武警医院,5
武警医院①a,0
武警医院①b,5
武警医院②,8
武警支队a,0
武警支队b,5
武警中队,5
务地埔村a,12
务地埔村b,-1
物料装备公司,0
物流装备公司,9
西安国林绿化a,9
西安国林绿化b,-1
西安西林绿化,-1
西岸花园a,0
西岸花园b,1
西岸花园西a,1
西岸花园西b,-1
西部国际珠宝城,1
西部石岩事业部a,0
西部石岩事业部b,10
西部物流中心a,0
西部物流中心b,11
西部物流总站a,0
西部物流总站b,9
西部政府码头,-1
西成工业区a,1
西成工业区b,1
西城上筑a,1
西城上筑b,0
西二巷路口,7
西丰成实业a,0
西丰成实业b,-1
西湖宾馆a,0
西湖宾馆b,5
西湖大酒店a,-1
西湖大酒店b,-1
西湖公园,-1
西湖路口,-1
西湖医疗,-1
西湖苑a,12
西湖苑b,0
西环电子中心,2
西环桥头a,2
西环桥头b,0
西环沙二新村a,2
西环沙二新村b,0
西荟城广场a,2
西荟城广场b,0
西坑居民小组a,7
西坑居民小组b,0
西坑路口a,4
西坑路口b,0
西坑同富百货,-1
西里湖地铁站,-1
西丽动物园总站a,11
西丽动物园总站b,-1
西丽法庭①a,11
西丽法庭①b,0
西丽法庭②a,0
西丽法庭②b,11
西丽公交站a,0
西丽公交站b,11
西丽公交总站,11
西丽官龙村总站a,9
西丽官龙村总站b,-1
西丽湖地铁站,11
西丽湖综合楼a,11
西丽湖综合楼b,0
西丽劳力市场a,11
西丽劳力市场b,0
西丽南路,11
西丽派出所a,0
西丽派出所b,11
西丽社区a,11
西丽社区b,-1
西丽社区①a,0
西丽社区①b,11
西丽社区②a,11
西丽社区②b,0
西丽市场,11
西丽王京坑总站a,-1
西丽王京坑总站b,11
西丽医院a,0
西丽医院b,11
西丽总站a,-1
西丽总站b,-1
西联前海堆场a,-1
西联前海堆场b,-1
西岭下a,5
西岭下b,0
西岭下①,5
西岭下②,-1
西桥大桥南,-1
西沙蚝乡路口a,0
西沙蚝乡路口b,9
西山路口,10
西山吓a,4
西山吓b,0
西田村a,0
西田村b,10
西田大桥南a,10
西田大桥南b,0
西田第三工业区a,9
西田第三工业区b,0
西田第一工业区a,0
西田第一工业区b,-1
西田公园a,0
西田公园b,10
西田锦秀工业园a,10
西田锦秀工业园b,0
西田锦绣工业园a,-1
西田锦绣工业园b,0
西田路口,-1
西田社区a,0
西田社区b,10
西头东苑a,0
西头东苑b,6
西头居委会a,0
西头居委会b,6
西乡安居花园,2
西乡安居家园,9
西乡安乐居,1
西乡宝安教育城a,1
西乡宝安教育城b,0
西乡步行街a,0
西乡步行街b,1
西乡城管办a,1
西乡城管办b,0
西乡城管办①a,0
西乡城管办①b,1
西乡大铲湾码头a,0
西乡大铲湾码头b,9
西乡大铲湾码头总站a,9
西乡大铲湾码头总站b,0
西乡大铲湾总站a,-1
西乡大铲湾总站b,0
西乡地铁站a,1
西乡地铁站b,0
西乡奋达科技a,1
西乡奋达科技b,0
西乡奋斗科技a,-1
西乡奋斗科技b,-1
西乡蚝业a,2
西乡蚝业b,0
西乡恒生医院a,-1
西乡恒生医院b,9
西乡恒生医院总站a,0
西乡恒生医院总站b,9
西乡华佳工业园a,-1
西乡华佳工业园b,9
西乡交管所a,0
西乡交管所b,1
西乡街道办a,1
西乡街道办b,0
西乡街道办西a,1
西乡街道办西b,0
西乡径贝村a,0
西乡径贝村b,1
西乡客运站a,1
西乡客运站b,0
西乡立交a,0
西乡立交b,1
西乡立交①a,0
西乡立交①b,1
西乡路口a,1
西乡路口b,0
西乡路口①a,1
西乡路口①b,0
西乡码头a,0
西乡码头b,1
西乡三围码头(固戍地铁接驳站总站),-1
西乡三围码头总站a,-1
西乡三围码头总站b,-1
西乡三围码头总站(固戍地铁接驳站总站),-1
西乡体育中心a,1
西乡体育中心b,0
西乡体育中心西a,1
西乡体育中心西b,0
西乡体育中心西①,1
西乡盐田a,1
西乡盐田b,0
西乡盐田大门a,1
西乡盐田大门b,0
西涌华侨学校a,-1
西涌华侨学校b,0
西涌沙岗村a,-1
西涌沙岗村b,0
西涌西贡村a,-1
西涌西贡村b,-1
西涌一号浴场,0
溪涌社区a,9
溪涌社区b,0
溪涌市场a,7
溪涌市场b,0
溪涌小学a,9
溪涌小学b,-1
溪涌盐村a,0
溪涌盐村b,9
熙龙湾a,1
熙龙湾b,0
熙龙湾西a,0
熙龙湾西b,9
曦城路口,0
曦城商业街,9
曦城五号门,-1
曦湾华府,11
喜德盛自行车,10
喜高厂a,10
喜高厂b,0
喜年仓库a,8
喜年仓库b,-1
细靓村a,8
细靓村b,-1
细靓总站a,8
细靓总站b,-1
下陂村a,0
下陂村b,-1
下陂村路口a,9
下陂村路口b,-1
下村第五工业区a,0
下村第五工业区b,0
下村公园a,10
下村公园b,0
下横朗村a,10
下横朗村b,0
下坑第二工业区,9
下李朗公园a,8
下李朗公园b,-1
下李朗路口a,0
下李朗路口b,8
下李朗市场a,-1
下李朗市场b,9
下李朗图书馆a,8
下李朗图书馆b,-1
下李朗总站a,-1
下李朗总站b,9
下廖居民小组a,-1
下廖居民小组b,-1
下梅林a,9
下梅林b,-1
下梅林市场,5
下梅林市场①,5
下梅林市场②,5
下梅林文体公园,9
下梅林一街a,5
下梅林一街b,0
下南第三工业区a,0
下南第三工业区b,10
下辇a,10
下辇b,10
下沙①a,5
下沙①b,0
下沙②a,0
下沙②b,5
下沙小学a,-1
下沙小学b,5
下沙新村a,-1
下沙新村b,9
下沙总站a,0
下沙总站b,5
下十围第一工业区a,2
下十围第一工业区b,0
下石家路口a,10
下石家路口b,0
下石家总站a,-1
下石家总站b,2
下水径a,8
下水径b,0
下围水工业区,2
下雪商业城a,0
下雪商业城b,6
下早新村a,6
下早新村b,0
吓陂村a,9
吓陂村b,0
吓陂村路口,7
吓公岭a,8
吓公岭b,-1
吓井社区,9
吓坑第二工业区a,3
吓坑第二工业区b,-1
吓坑市场a,-1
吓坑市场b,12
仙湖路口,5
仙湖植物园,9
仙湖植物园总站a,0
仙湖植物园总站b,5
仙田路口a,0
仙田路口b,12
仙田总站a,-1
仙田总站b,9
咸水湖a,-1
咸水湖b,7
冼屋村a,9
冼屋村b,6
现代电子厂a,6
现代电子厂b,0
香堤湾花园a,0
香堤湾花园b,1
香堤雅苑a,9
香堤雅苑b,-1
香径南街,-1
香林玫瑰园a,0
香林玫瑰园b,3
香梅北总站a,-1
香梅北总站b,5
香梅深南路口a,0
香梅深南路口b,5
香蜜二村a,0
香蜜二村b,5
香蜜红荔立交a,0
香蜜红荔立交b,5
香蜜湖①a,5
香蜜湖①b,0
香蜜湖②a,5
香蜜湖②b,11
香蜜湖北,9
香蜜湖天桥a,0
香蜜湖天桥b,5
香蜜湖医院a,0
香蜜湖医院b,5
香蜜湖总站a,9
香蜜湖总站b,-1
香瑞园a,0
香瑞园b,9
香山西街路口a,11
香山西街路口b,0
香缇雅苑a,0
香缇雅苑b,6
香象工业园,10
香域中央花园a,9
香域中央花园b,0
香元排村,0
香元新村a,-1
香元新村b,12
香园路口a,3
香园路口b,0
香园新村a,12
香园新村b,0
祥利上城a,-1
祥利上城b,-1
向南村a,11
向南村b,0
向南东村a,0
向南东村b,1
向南路,11
向前村a,12
向前村b,0
向西村a,6
向西村b,0
向银路口a,-1
向银路口b,12
象角塘a,8
象角塘b,0
象角塘西a,-1
象角塘西b,6
象南工业区,9
小梅沙a,4
小梅沙b,0
小梅沙公交总站a,0
小梅沙公交总站b,4
小塘口a,-1
小塘口b,-1
斜吓村a,9
斜吓村b,-1
谢屋村a,0
谢屋村b,12
辛养村a,2
辛养村b,0
新安67区安顺达场站a,2
新安67区安顺达场站b,-1
新安地铁接驳站,9
新安地铁站a,1
新安地铁站b,0
新安地铁站①,-1
新安第二工业区,-1
新安公园a,0
新安公园b,1
新安古城a,11
新安古城b,11
新安国土所a,0
新安国土所b,1
新安湖a,1
新安湖b,0
新安客运站a,1
新安客运站b,0
新安六路公交总站a,9
新安六路公交总站b,0
新安三九区场站,-1
新安市场a,-1
新安市场b,-1
新安税务所a,1
新安税务所b,0
新安五区总站a,-1
新安五区总站b,-1
新安影剧院a,1
新安影剧院b,0
新安职业所a,1
新安职业所b,0
新安中学a,9
新安中学b,0
新安中学高中部a,0
新安中学高中部b,1
新安中学高中部北a,1
新安中学高中部北b,0
新百丽a,8
新百丽b,6
新百丽总站a,0
新百丽总站b,6
新宝城酒店a,6
新宝城酒店b,-1
新陂头村a,10
新陂头村b,0
新陂头工业区,0
新陂头工业园,10
新陂头路口a,0
新陂头路口b,10
新陂头市场a,0
新陂头市场b,9
新布村a,12
新布村b,-1
新布村路口(丁甲岭老村)a,-1
新布村路口(丁甲岭老村)b,-1
新布工业区a,-1
新布工业区b,12
新布总站a,12
新布总站b,0
新彩隧道口a,0
新彩隧道口b,6
新潮味酒店,-1
新车管所a,11
新车管所b,11
新城公园南门,-1
新城公园西门,-1
新城广场a,0
新城广场b,3
新城联检站,-1
新城市广场a,5
新城市广场b,5
新城市花园a,6
新城市花园b,0
新城学校a,9
新城学校b,-1
新村后门a,-1
新村后门b,6
新大村委a,9
新大村委b,0
新大集散中心a,-1
新大集散中心b,-1
新大坑市场a,3
新大坑市场b,0
新大路口,9
新大社区a,0
新大社区b,-1
新大市场a,-1
新大市场b,9
新大总站a,7
新大总站b,0
新二鼎丰科技园,-1
新发厂a,1
新发厂b,0
新丰bp电器厂a,-1
新丰bp电器厂b,-1
新丰莛a,2
新丰莛b,0
新福大厦a,2
新福大厦b,0
新福市场①a,1
新福市场①b,0
新福市场②a,1
新福市场②b,0
新港大厦a,4
新港大厦b,0
新高商场a,-1
新高商场b,-1
新固第二工业区,9
新海洋工业园a,9
新海洋工业园b,9
新和a,2
新和b,0
新和①a,-1
新和①b,2
新和村a,2
新和村b,-1
新和二村a,2
新和二村b,0
新和新兴工业园a,2
新和新兴工业园b,0
新恒生a,0
新恒生b,12
新横村工业区a,-1
新横村工业区b,0
新横社区a,0
新横社区b,-1
新华昌a,-1
新华昌b,0
新华联广场,-1
新惠百货a,9
新惠百货b,-1
新活力小区,9
新基德生活区a,-1
新基德生活区b,-1
新佳得乐商场a,0
新佳得乐商场b,9
新嘉百货a,-1
新嘉百货b,-1
新建兴科技工业园,9
新乐社区a,0
新乐社区b,1
新联购物商场,7
新联购物商城,0
新联制品厂,-1
新岭工业区a,-1
新岭工业区b,9
新龙岗花园a,0
新龙岗花园b,12
新龙路口a,0
新龙路口b,7
新马二厂a,0
新马二厂b,0
新木村a,8
新木村b,0
新木村委a,8
新木村委b,0
新木电管站a,0
新木电管站b,8
新木老街a,0
新木老街b,8
新木盛低碳产业园a,8
新木盛低碳产业园b,0
新木盛低碳园a,0
新木盛低碳园b,8
新木小学a,0
新木小学b,8
新南天家具a,0
新南天家具b,-1
新能源,11
新能源大厦,11
新能源汽车中心a,-1
新能源汽车中心b,-1
新平村a,0
新平村b,-1
新平村委a,0
新平村委b,5
新平总站a,5
新平总站b,0
新坡塘,-1
新羌居委a,10
新羌居委b,-1
新乔围村工业区a,-1
新乔围村工业区b,-1
新桥第三工业区a,2
新桥第三工业区b,0
新桥街道办,9
新桥农贸市场a,0
新桥农贸市场b,2
新桥派出所a,0
新桥派出所b,2
新桥派缢,2
新桥汽配,2
新桥汽配城,10
新桥三工业区a,0
新桥三工业区b,2
新桥围村工业区a,-1
新桥围村工业区b,9
新区大道路口a,11
新区大道路口b,-1
新区管委会西门a,-1
新区管委会西门b,0
新区疾控中心a,-1
新区疾控中心b,-1
新曲村a,7
新曲村b,0
新榕社康,9
新三村市场a,8
新三村市场b,-1
新沙路口,2
新沙桥头a,0
新沙桥头b,2
新生村大门,3
新生路口a,0
新生路口b,9
新生派出所a,3
新生派出所b,9
新生社区a,3
新生社区b,0
新生小学,12
新声电子a,0
新声电子b,0
新石桥村a,0
新石桥村b,6
新时代工业区a,0
新时代工业区b,10
新时代广场a,11
新时代广场b,0
新世界广场a,4
新世界广场b,0
新世界曦城,9
新塘村,0
新塘村口a,0
新塘村口b,6
新塘街,11
新塘市场a,-1
新塘市场b,-1
新天下集团a,9
新天下集团b,0
新田仓库a,5
新田仓库b,-1
新田村a,0
新田村b,8
新田公园a,0
新田公园b,5
新田居委会a,6
新田居委会b,0
新田路口,6
新田市场a,0
新田市场b,6
新田市场1,-1
新田市场①a,6
新田市场①b,0
新田市场②a,0
新田市场②b,6
新田总站a,6
新田总站b,0
新圩,0
新围村,11
新围路口a,-1
新围路口b,-1
新围新村a,0
新围新村b,6
新闻大厦a,5
新闻大厦b,0
新屋村a,11
新屋村b,0
新兴工业集团a,-1
新兴工业集团b,9
新兴工业区四区,2
新秀村,-1
新秀地铁站a,-1
新秀地铁站b,-1
新秀市场a,-1
新秀市场b,-1
新秀小学a,5
新秀小学b,5
新亚洲工业园,-1
新亚洲花园a,3
新亚洲花园b,0
新玉路德昌站a,0
新玉路德昌站b,2
新玉路口a,0
新玉路口b,2
新玉路庄村公交总站a,2
新玉路庄村公交总站b,0
新园百货,0
新中桥工业园a,0
新中桥工业园b,12
新洲村a,5
新洲村b,0
新洲花园a,5
新洲花园b,0
新洲三街a,0
新洲三街b,5
新洲市场,-1
新洲中学a,0
新洲中学b,5
鑫博盛科技园a,0
鑫博盛科技园b,10
鑫三和汽修厂a,-1
鑫三和汽修厂b,-1
鑫鑫田工业区a,0
鑫鑫田工业区b,9
鑫鑫田工业园a,-1
鑫鑫田工业园b,2
鑫源隆厂a,-1
鑫源隆厂b,-1
信邦实业a,-1
信邦实业b,-1
信和苑路口a,-1
信和苑路口b,-1
信维通信,9
信维通讯,2
信息枢纽大厦a,9
信息枢纽大厦b,9
信息学院a,3
信息学院b,0
信息学院①,9
信息学院②,9
信息学院东a,0
信息学院东b,3
信息学院东充电站a,-1
信息学院东充电站b,0
信义玻璃厂a,-1
信义玻璃厂b,4
信义家园a,-1
信义家园b,4
信义假日名城a,0
信义假日名城b,8
信义锦绣花园a,4
信义锦绣花园b,-1
信义逸翠园a,5
信义逸翠园b,-1
信盈科技a,-1
信盈科技b,-1
星港城购物中心a,0
星港城购物中心b,2
星港城购物中学,-1
星光酒店a,-1
星光酒店b,-1
星光之约,0
星光之约①a,0
星光之约①b,6
星光之约②a,5
星光之约②b,0
星海名城a,0
星海名城b,1
星河雅宝总站a,9
星河雅宝总站b,0
星湖路口,-1
星际花园a,0
星际花园b,2
星源宿舍a,0
星源宿舍b,6
兴东地铁站a,0
兴东地铁站b,1
兴发路口a,6
兴发路口b,0
兴华宾馆东a,0
兴华宾馆东b,5
兴华宾馆西a,5
兴华宾馆西b,0
兴强大厦,6
兴强生态科技园a,-1
兴强生态科技园b,0
兴思达堆场,-1
兴万佳华百货a,0
兴万佳华百货b,8
兴围a,0
兴围b,1
兴英科技北,2
兴英科技东a,2
兴英科技东b,-1
兴英科技园a,0
兴英科技园b,2
幸福城三期a,9
幸福城三期b,-1
幸福海岸,1
幸福居,2
兄弟厂a,12
兄弟厂b,0
兄弟厂路口a,0
兄弟厂路口b,12
兄弟工业区a,12
兄弟工业区b,0
雄韬科技园a,0
雄韬科技园b,9
秀峰工业城a,8
秀峰工业城b,4
秀峰工业区a,8
秀峰工业区b,0
秀峰工业区总站a,9
秀峰工业区总站b,-1
秀峰工业园总站,-1
秀峰路口a,8
秀峰路口b,0
秀山新村a,-1
秀山新村b,7
秀西路口a,0
秀西路口b,2
秀新村a,9
秀新村b,-1
秀新油站a,7
秀新油站b,0
旭飞花园a,5
旭飞花园b,0
旭冠电子a,-1
旭冠电子b,-1
旭联工业区a,6
旭联工业区b,0
旭日厂a,-1
旭日厂b,8
旭日升百货a,0
旭日升百货b,-1
学府路中a,11
学府路中b,-1
学府雅苑a,0
学府雅苑b,2
学府中学a,0
学府中学b,11
学坑篮球场a,12
学坑篮球场b,-1
学坑桥洞a,12
学坑桥洞b,0
学苑丽水路口a,0
学苑丽水路口b,11
学院丽水路口,9
雪岗北总站a,8
雪岗北总站b,0
雪坑路口,0
雪象村总站a,0
雪象村总站b,6
雪象新村a,0
雪象新村b,6
勋力公司a,0
勋力公司b,6
巡警中队a,0
巡警中队b,6
衙边村a,-1
衙边村b,2
雅迪宝电子厂a,0
雅迪宝电子厂b,6
雅豪大门a,0
雅豪大门b,12
雅豪轩a,1
雅豪轩b,-1
雅兰新村a,-1
雅兰新村b,9
雅美厂a,2
雅美厂b,0
雅信通公司a,-1
雅信通公司b,10
雅园路口a,6
雅园路口b,0
亚力山卓,0
亚星厂a,0
亚星厂b,12
亚洲工业区a,9
亚洲工业区b,0
烟雨春天a,0
烟雨春天b,9
延芳路口a,0
延芳路口b,5
延芳中路a,-1
延芳中路b,0
岩前移民村a,-1
岩前移民村b,-1
沿江大铲湾口a,9
沿江大铲湾口b,-1
研祥北门a,0
研祥北门b,-1
研祥科技大厦a,11
研祥科技大厦b,0
研祥西门a,0
研祥西门b,10
研扬工艺厂a,-1
研扬工艺厂b,0
研杨工艺厂a,-1
研杨工艺厂b,9
盐港医院a,0
盐港医院b,4
盐港中学a,0
盐港中学b,4
盐田,4
盐田①,4
盐田②,4
盐田坳a,-1
盐田坳b,0
盐田保税物流园a,0
盐田保税物流园b,4
盐田北公交总站a,-1
盐田北公交总站b,4
盐田东公交总站a,-1
盐田东公交总站b,0
盐田防疫大楼a,0
盐田防疫大楼b,9
盐田国际大厦a,0
盐田国际大厦b,0
盐田检查站,-1
盐田精茂城a,0
盐田精茂城b,4
盐田派出所a,4
盐田派出所b,0
盐田汽车站a,4
盐田汽车站b,0
盐田区党校,4
盐田区南山a,0
盐田区南山b,9
盐田区医院a,0
盐田区医院b,4
盐田区政府a,-1
盐田区政府b,4
盐田区政府东a,4
盐田区政府东b,0
盐田三村a,4
盐田三村b,-1
盐田三村路口a,4
盐田三村路口b,0
盐田食街a,-1
盐田食街b,4
盐田外国语小学a,-1
盐田外国语小学b,-1
盐田外国语学校a,-1
盐田外国语学校b,9
盐田渔民新村a,0
盐田渔民新村b,4
彦华门诊部,3
雁盟文化产业园,9
雁田收费站a,0
雁田收费站b,8
燕川北部工业园a,0
燕川北部工业园b,2
燕川村公交,-1
燕川公交场站,9
燕川公交站a,-1
燕川公交站b,-1
燕川公交总站,2
燕川居委会a,-1
燕川居委会b,9
燕川综合市场a,10
燕川综合市场b,0
燕景华庭,9
燕景集贸市场a,-1
燕景集贸市场b,2
燕罗公交总站a,9
燕罗公交总站b,0
燕山小学a,0
燕山小学b,0
燕子岭a,7
燕子岭b,0
燕子岭公园a,-1
燕子岭公园b,7
燕子岭路口a,0
燕子岭路口b,9
燕子岭小区,-1
扬马市场,6
羊台山a,0
羊台山b,6
阳光翠园a,8
阳光翠园b,-1
阳光带海滨城a,11
阳光带海滨城b,0
阳光带海滨城北a,0
阳光带海滨城北b,11
阳光工业区a,0
阳光工业区b,10
阳光海湾花园,0
阳光花园后门a,8
阳光花园后门b,-1
阳光酒店a,5
阳光酒店b,0
阳光科创公交总站a,11
阳光科创公交总站b,0
阳光玫瑰园a,-1
阳光玫瑰园b,11
阳光四季,-1
阳光天健城a,3
阳光天健城b,0
阳光湾畔a,8
阳光湾畔b,-1
阳光棕榈园a,11
阳光棕榈园b,0
杨马市场,8
杨美村a,-1
杨美村b,-1
杨美地铁站a,8
杨美地铁站b,0
洋下四区a,2
洋下四区b,-1
洋涌工业区a,-1
洋涌工业区b,0
漾日湾畔a,0
漾日湾畔b,11
耀群厂a,-1
耀群厂b,12
椰风道,9
椰风路口,5
冶金大厦a,0
冶金大厦b,5
叶屋西街口a,0
叶屋西街口b,4
一电科技,10
一电科技①a,10
一电科技①b,0
一帆百货,-1
一号收费站,-1
依波大厦a,0
依波大厦b,9
怡丰工业区a,0
怡丰工业区b,12
怡丰酒店①,1
怡华工业区a,0
怡华工业区b,9
怡景地铁站①a,0
怡景地铁站①b,5
怡景地铁站②a,0
怡景地铁站②b,5
怡景花园a,5
怡景花园b,0
怡景小学,5
怡景新村a,9
怡景新村b,-1
怡心广场a,12
怡心广场b,0
倚山花园,4
亿和模具a,0
亿和模具b,10
亿利达大厦a,11
亿利达大厦b,0
义乌华贸城a,0
义乌华贸城b,4
义乌华贸城总站a,9
义乌华贸城总站b,-1
义乌小商品市场a,12
义乌小商品市场b,0
艺园深南立交a,11
艺园深南立交b,0
艺园正云路口a,9
艺园正云路口b,-1
易瑞生物a,0
易瑞生物b,1
羿松深圳公司a,0
羿松深圳公司b,10
益华电子城a,0
益华电子城b,2
益华电子城南a,0
益华电子城南b,2
益田村a,0
益田村b,5
益田村南a,-1
益田村南b,9
益田花园a,0
益田花园b,5
益田花园西,5
益田花园西②,9
益田市场,-1
益田市场①,-1
益田小学a,-1
益田小学b,-1
益田中路a,0
益田中路b,5
益兴顺厂a,-1
益兴顺厂b,9
逸秀新村a,11
逸秀新村b,0
溢佳工业园a,6
溢佳工业园b,0
溢佳工业园总站a,6
溢佳工业园总站b,-1
茵悦之生a,0
茵悦之生b,5
银海工业区a,0
银海工业区b,3
银湖度假村,5
银湖度假村总站a,9
银湖度假村总站b,0
银湖牌坊,0
银湖汽车站a,5
银湖汽车站b,0
银湖汽车站①a,5
银湖汽车站①b,0
银湖汽车站北a,-1
银湖汽车站北b,-1
银湖汽车站总站a,5
银湖汽车站总站b,0
银湖宿舍a,9
银湖宿舍b,0
银龙汽配城a,8
银龙汽配城b,0
银泉花园a,6
银泉花园b,0
银滩路口a,0
银滩路口b,-1
银田工业区a,0
银田工业区b,1
银星工业区a,6
银星工业区b,0
银星工业园a,-1
银星工业园b,0
银星工业园场站,6
银珠岭小区a,0
银珠岭小区b,12
银珠岭小区南a,0
银珠岭小区南b,12
英才学校a,9
英才学校b,0
英伦名苑a,0
英伦名苑b,11
英伦明苑,11
英泰工业区a,6
英泰工业区b,0
英泰隆a,-1
英泰隆b,6
英特利工业园,-1
迎宾路口a,0
迎宾路口b,2
滢水山庄a,6
滢水山庄b,0
滢水山庄①,6
滢水山庄②,6
赢家工业区,9
赢家工业园,6
应人石村委,9
应人石科技园,10
应人石路口a,10
应人石路口b,0
应人石市场,10
应人石新村,10
雍景城东a,0
雍景城东b,10
雍景城西,10
永安北三街口a,0
永安北三街口b,9
永安路,4
永安路口a,4
永安路口b,0
永安南城a,0
永安南城b,6
永昌隆工业园a,9
永昌隆工业园b,-1
永春园,0
永丰路口a,0
永丰路口b,1
永湖地铁站a,0
永湖地铁站b,4
永佳福商场a,-1
永佳福商场b,-1
永佳购物广场a,-1
永佳购物广场b,-1
永佳利a,0
永佳利b,4
永乐新村a,-1
永乐新村b,11
永丽服装厂a,0
永丽服装厂b,12
永联厂a,-1
永联厂b,0
永联学校a,1
永联学校b,0
永勤厂a,6
永勤厂b,0
永盛大街a,-1
永盛大街b,-1
永盛泰工业园a,0
永盛泰工业园b,0
永威五金塑料厂a,2
永威五金塑料厂b,0
优品建筑a,6
优品建筑b,-1
邮政物流中心a,-1
邮政物流中心b,-1
油草棚a,-1
油草棚b,-1
油富商城a,6
油富商城b,0
油库a,0
油库b,9
油麻岗工业区a,-1
油麻岗工业区b,9
油码头a,0
油码头b,0
油松工业区a,6
油松工业区b,6
油松派出所a,6
油松派出所b,6
油松商城,6
友爱门诊a,12
友爱门诊b,0
友爱医院,9
友邦工业城a,-1
友邦工业城b,-1
友发厂,0
友利电子厂a,2
友利电子厂b,0
友联船厂,0
友信食品城a,0
友信食品城b,8
友谊医院a,-1
友谊医院b,5
有信厂a,9
有信厂b,-1
有馀厂a,0
有馀厂b,9
又一村花园a,8
又一村花园b,0
渔景大厦,0
渔民村a,0
渔民村b,5
渔民村总站a,0
渔民村总站b,-1
渔农村,0
渔业社区a,0
渔业社区b,1
愉园新村a,3
愉园新村b,0
宇阳科技公司a,-1
宇阳科技公司b,-1
羽利厂a,6
羽利厂b,0
玉翠市场,9
玉翠新村a,-1
玉翠新村b,-1
玉湖湾花园a,0
玉湖湾花园b,1
玉律a,10
玉律b,0
玉律村口a,0
玉律村口b,10
玉律旧村a,10
玉律旧村b,0
玉泉南山路口a,11
玉泉南山路口b,9
玉泉艺园路口a,0
玉泉艺园路口b,11
玉泉中路,9
玉塘派出所a,10
玉塘派出所b,0
玉田新村a,6
玉田新村b,0
育才二中a,11
育才二中b,0
育才三中a,9
育才三中b,0
育才四小a,0
育才四小b,11
育新学校a,0
育新学校b,-1
御峰园a,8
御峰园b,-1
御岭公馆a,-1
御岭公馆b,-1
御龙居a,-1
御龙居b,-1
御龙居东,9
御龙居西,9
御玺山大峡谷a,-1
御玺山大峡谷b,-1
裕安公交总站,0
裕安路口a,0
裕安路口b,1
裕安路口①a,1
裕安路口①b,1
裕安西公交总站,0
裕安西路公交总站a,-1
裕安西路公交总站b,0
裕同工业区a,0
裕同工业区b,6
裕同集团a,-1
裕同集团b,-1
裕新百货,-1
裕兴百货,12
誉铭公司,9
元墩街口,4
元墩路口,4
元芬村,6
元径居民小组a,10
元径居民小组b,0
园博园①,11
园博园②a,0
园博园②b,11
园博园③,0
园博园北门,5
园博园西a,11
园博园西b,0
园湖科技园a,3
园湖科技园b,-1
园湖路口a,4
园湖路口b,-1
园岭村a,10
园岭村b,0
园岭地铁站a,5
园岭地铁站b,0
园岭新村a,0
园岭新村b,5
园山风景区a,4
园山风景区b,0
园兴酒店a,-1
园兴酒店b,-1
原禄机械,-1
源盛村东a,0
源盛村东b,12
月亮湾电厂,-1
月亮湾公交总站a,-1
月亮湾公交总站b,-1
月亮湾花园a,-1
月亮湾花园b,11
月亮湾花园东a,1
月亮湾花园东b,0
月亮湾花园三号门,11
月亮湾三号门a,-1
月亮湾三号门b,-1
月亮湾十号路总站a,-1
月亮湾十号路总站b,-1
月亮湾填海区总站a,9
月亮湾填海区总站b,0
月亮湾综合车场a,9
月亮湾综合车场b,-1
月亮湾总站a,-1
月亮湾总站b,-1
悦心园a,0
悦心园b,9
悦兴围村口a,0
悦兴围村口b,6
悦兴围一组a,0
悦兴围一组b,6
粤宝a,0
粤宝b,8
粤宝红岗路口a,0
粤宝红岗路口b,8
粤海门村a,0
粤海门村b,11
粤美特加油站a,0
粤美特加油站b,2
粤深钢投公司,-1
粤信创意园a,0
粤信创意园b,8
云彩幼儿园a,-1
云彩幼儿园b,-1
云成厂,-1
云达百货,9
云海山庄a,7
云海山庄b,-1
早禾坑a,-1
早禾坑b,-1
泽台电子a,0
泽台电子b,0
闸口a,0
闸口b,-1
展辰涂料a,9
展辰涂料b,0
展丰万家a,12
展丰万家b,0
站前路东a,7
站前路东b,0
湛宝文化广场a,0
湛宝文化广场b,4
章阁村a,-1
章阁村b,-1
章阁村总站a,-1
章阁村总站b,-1
章阁路口,9
章阁市场a,6
章阁市场b,0
章f村a,0
章f村b,5
漳沅金属厂,-1
漳沅金属制品厂,9
樟坑a,0
樟坑b,6
樟坑村口a,6
樟坑村口b,0
樟坑径村,-1
樟坑径村口,-1
樟坑径村总站a,9
樟坑径村总站b,-1
樟坑径上围a,0
樟坑径上围b,6
樟坑径社区,-1
樟坑径市场a,0
樟坑径市场b,6
樟坑径下围a,0
樟坑径下围b,6
樟坑径下围村口a,0
樟坑径下围村口b,6
樟坑径下围工业园a,0
樟坑径下围工业园b,6
樟坑三区a,6
樟坑三区b,0
樟浦村a,-1
樟浦村b,-1
樟树布村总站a,8
樟树布村总站b,0
樟树布社区a,0
樟树布社区b,8
长安桥a,6
长安桥b,0
长城电脑a,10
长城电脑b,0
长城工业区a,10
长城工业区b,0
长城工业区①a,0
长城工业区①b,10
长城开发a,6
长城开发b,0
长春花园a,10
长春花园b,0
长存路口,-1
长发门诊部a,-1
长发门诊部b,6
长丰工业园a,0
长丰工业园b,1
长丰酒店a,2
长丰酒店b,0
长湖头村a,6
长湖头村b,0
长江铺工业园,9
长江埔工业区a,-1
长江埔工业区b,9
长津金安五金厂a,6
长津金安五金厂b,0
长岭,5
长岭陂地铁站a,0
长岭陂地铁站b,11
长岭东总站,5
长岭沟,5
长岭总站a,5
长岭总站b,5
长龙小学,8
长隆村口,7
长山工业区a,-1
长山工业区b,0
长兴百货a,0
长兴百货b,2
长兴工业区a,-1
长兴工业区b,10
长兴工业园,-1
长兴科技a,2
长兴科技b,0
长训路口,9
长园新材a,0
长园新材b,-1
长圳村,10
长圳村委a,-1
长圳村委b,10
长圳工业园,-1
长圳公园a,-1
长圳公园b,10
长圳路口a,10
长圳路口b,10
长圳燃气站,-1
长圳人行天桥a,-1
长圳人行天桥b,0
长圳市场,10
长圳邮政a,0
长圳邮政b,10
长圳总站a,10
长圳总站b,0
嶂背步行街a,12
嶂背步行街b,0
嶂背二村西a,9
嶂背二村西b,0
嶂背路口a,12
嶂背路口b,0
嶂背桥头a,3
嶂背桥头b,0
嶂背社康中心a,3
嶂背社康中心b,0
嶂背综合市场a,0
嶂背综合市场b,3
嶂背总站a,3
嶂背总站b,0
招港大厦a,11
招港大厦b,0
招呼站,8
招商大厦a,0
招商大厦b,11
招商发展中心a,11
招商发展中心b,0
招商港务a,11
招商港务b,0
招商供电公司a,0
招商供电公司b,11
招商桃花园a,9
招商桃花园b,-1
招商依山郡a,3
招商依山郡b,0
招商银行大厦①a,0
招商银行大厦①b,5
招商银行大厦②a,0
招商银行大厦②b,5
招商银行大厦③,11
兆耀电子厂a,-1
兆耀电子厂b,-1
蔗园布村a,1
蔗园布村b,0
蔗园埔村a,10
蔗园埔村b,-1
臻鼎科技a,0
臻鼎科技b,2
圳美a,-1
圳美b,-1
圳美路口a,0
圳美路口b,10
圳美市场,-1
圳埔岭村a,12
圳埔岭村b,0
圳埔岭南a,0
圳埔岭南b,12
圳埔肉菜市场,-1
振华路中,5
振华西路a,0
振华西路b,5
振泰工业城a,-1
振泰工业城b,0
振兴中,5
振业城西a,3
振业城西b,-1
振业大厦a,5
振业大厦b,0
振业峦山谷a,4
振业峦山谷b,0
振中路,9
震雄工业区,-1
震雄工业区①,-1
震雄工业园①a,-1
震雄工业园①b,7
震雄工业园②,12
震雄集团,9
震雄集团①a,7
震雄集团①b,-1
震雄集团②a,-1
震雄集团②b,7
正高公司,0
正坑村a,9
正坑村b,-1
正坑居民小组,-1
正兴手袋厂a,-1
正兴手袋厂b,-1
正云路a,-1
正云路b,9
正中a,12
正中b,0
知己集团a,0
知己集团b,9
直升机场a,11
直升机场b,0
志达工业园a,12
志达工业园b,0
致高电子厂路口,2
致高路口a,-1
致高路口b,2
致君制药a,-1
致君制药b,9
致远南路,11
中八大院,0
中大八院a,0
中大八院b,5
中大附七换乘站,-1
中冠厂a,9
中冠厂b,0
中国建设银行沙井支行,2
中国银行大厦,5
中国银行沙井支行a,2
中国银行沙井支行b,0
中海大山地a,8
中海大山地b,0
中海地产a,-1
中海地产b,9
中海华庭临时站a,-1
中海华庭临时站b,9
中海锦城花园公交总站a,0
中海锦城花园公交总站b,6
中海酒店a,-1
中海酒店b,-1
中海凯骊酒店,9
中海凯骊酒店北,3
中海康城国际a,-1
中海康城国际b,3
中海康城国际东a,3
中海康城国际东b,0
中海康城国际南,12
中海日晖台,9
中海日辉台a,6
中海日辉台b,0
中海圣廷苑酒店北,9
中海西岸华府a,-1
中海西岸华府b,2
中海信a,-1
中海信b,-1
中海信工业园,8
中海信科技园a,0
中海信科技园b,9
中海怡翠a,8
中海怡翠b,0
中海怡美山庄,-1
中航地产a,9
中航地产b,0
中航格澜郡a,6
中航格澜郡b,0
中华商务印刷厂a,-1
中华商务印刷厂b,8
中华制漆a,2
中华制漆b,0
中惠酒店a,-1
中惠酒店b,-1
中级法院a,0
中级法院b,5
中集公司a,12
中集公司b,0
中集集团a,0
中集集团b,7
中建工业区a,0
中建工业区b,6
中康公园a,5
中康公园b,0
中科大厦a,0
中科大厦b,11
中科数码a,6
中科数码b,0
中科院研究院,11
中粮大厦a,9
中粮大厦b,0
中粮凤凰里花苑a,-1
中粮凤凰里花苑b,2
中粮锦云a,-1
中粮锦云b,1
中闽花园a,2
中闽花园b,0
中南花园,1
中南人防加油站a,0
中南人防加油站b,12
中诺工业区,6
中诺工业园a,-1
中诺工业园b,-1
中山公园东门a,0
中山公园东门b,11
中山公园西门,1
中山园a,0
中山园b,11
中商花园a,11
中商花园b,0
中盛科技园a,8
中盛科技园b,0
中台电热a,2
中台电热b,0
中泰工业园a,0
中泰工业园b,10
中泰科技园a,0
中泰科技园b,-1
中亭路口a,-1
中亭路口b,9
中心公园a,5
中心公园b,0
中心公园东门,1
中心路口a,0
中心路口b,2
中心商城a,10
中心商城b,0
中心书城北a,0
中心书城北b,5
中心小区a,-1
中心小区b,-1
中心小学a,0
中心小学b,4
中心新村a,-1
中心新村b,6
中心医院路口a,12
中心医院路口b,0
中心幼儿园a,0
中心幼儿园b,-1
中信红树湾a,0
中信红树湾b,11
中兴发展a,0
中兴发展b,9
中兴工业园二号岗a,11
中兴工业园二号岗b,-1
中兴工业园一号岗a,-1
中兴工业园一号岗b,11
中兴路跨线桥a,8
中兴路跨线桥b,0
中兴人才公寓东,11
中兴通讯a,-1
中兴通讯b,9
中兴通讯①a,0
中兴通讯①b,11
中兴通讯②a,11
中兴通讯②b,9
中兴通讯宿舍a,0
中兴通讯宿舍b,11
中兴通讯学院a,-1
中兴通讯学院b,0
中亚电子博览中心a,2
中亚电子博览中心b,-1
中央原著a,6
中央原著b,0
中央悦城a,9
中央悦城b,-1
中医院a,5
中医院b,0
中医院一门诊,9
中英公学,-1
中英公学南a,1
中英公学南b,0
中英街,4
中英街关前站,9
中油大厦a,0
中油大厦b,11
中正a,-1
中正b,12
钟表基地a,0
钟表基地b,0
钟屋a,1
钟屋b,0
肿瘤医院a,12
肿瘤医院b,7
仲汉电子厂a,2
仲汉电子厂b,-1
众孚小学a,0
众孚小学b,5
众孚小学①,9
众乐园a,0
众乐园b,12
众兴百货,-1
周大福大厦a,0
周大福大厦b,4
周六福大厦,4
洲腾工业园a,-1
洲腾工业园b,8
朱坳社康a,-1
朱坳社康b,1
朱坳水厂,1
朱古石a,12
朱古石b,0
珠光北路,11
珠光创新科技园,-1
珠光村①a,0
珠光村①b,11
珠光村②a,0
珠光村②b,11
珠江旭景佳园a,6
珠江旭景佳园b,0
珠江旭景佳园总站a,6
珠江旭景佳园总站b,0
珠洋坑a,7
珠洋坑b,0
竹村a,6
竹村b,0
竹坑村委a,9
竹坑村委b,-1
竹坑第一工业区a,7
竹坑第一工业区b,0
竹坑黄泥园,0
竹坑茜坑路口,-1
竹坑西坑路口,7
竹坑总站a,7
竹坑总站b,0
竹园宾馆,5
竹园宾馆①,4
竹园宾馆②,5
竹园村a,7
竹园村b,0
竹园村南区a,0
竹园村南区b,7
竹园小学a,0
竹园小学b,11
竹子林,0
竹子林①a,0
竹子林①b,5
竹子林②a,0
竹子林②b,11
主力厂宿舍a,-1
主力厂宿舍b,-1
主力学校,12
住电电装厂,-1
祝龙腾工业区a,0
祝龙腾工业区b,10
祝龙腾工业区总站,10
庄边村a,0
庄边村b,1
庄村二路中a,-1
庄村二路中b,0
庄村工业区a,2
庄村工业区b,0
庄村横岗下a,-1
庄村横岗下b,-1
庄村路口a,2
庄村路口b,0
庄村路口东,9
庄村桥头a,2
庄村桥头b,0
庄村商业街a,0
庄村商业街b,2
庄村市场a,0
庄村市场b,2
卓越后海中心a,0
卓越后海中心b,11
卓越时代广场a,0
卓越时代广场b,5
卓越维港,11
紫麟山a,12
紫麟山b,0
紫薇步行街a,0
紫薇步行街b,3
紫薇阁a,0
紫薇阁b,5
紫薇花园a,3
紫薇花园b,0
紫星花园a,8
紫星花园b,-1
自行车赛场a,-1
自行车赛场b,-1
自行车赛场总站a,-1
自行车赛场总站b,12
综合市场,8
综合执法队a,0
综合执法队b,-1
左炮台a,0
左炮台b,0
左庭右院,8
左庭右院①,8
左庭右院②a,-1
左庭右院②b,8
左右家私a,8
左右家私b,0